customer_id,first_name,last_name,email,registration_date
1523,John,Smith,johnsmith@email.com,2020-03-15
2847,John,Smyth,jsmyth@gmail.com,2021-06-22
3392,Jane,Smythe,janesmythe@yahoo.com,2022-01-10
4156,Jack,Smith,jack.smith@outlook.com,2023-04-18
5821,Robert,Johnson,rjohnson@email.com,2020-07-23
6234,Bob,Jonson,bobjonson@gmail.com,2021-09-14
7459,Robert,Johnsen,rob.johnsen@yahoo.com,2022-11-05
8012,Bobby,Johnson,bobby.j@outlook.com,2023-02-28
1847,Catherine,Williams,catherinew@email.com,2020-05-12
2935,Katherine,Williams,katw@gmail.com,2021-08-17
3628,Kathryn,Wiliams,kathryn.wiliams@yahoo.com,2022-03-29
4791,Catherine,Wiliamson,cathy.w@outlook.com,2023-07-14
5283,Steven,Anderson,sanderson@email.com,2020-09-08
6472,Stephen,Andersen,stephen.a@gmail.com,2021-12-03
7815,Steve,Andersson,steve.andersson@yahoo.com,2022-06-21
3142,David,Brown,davidbrown@email.com,2020-11-19
4569,Dave,Browne,davebrowne@gmail.com,2021-04-25
5937,Daniel,Brown,danbrown@outlook.com,2023-08-11
6284,Michael,Davis,michaeldavis@email.com,2020-02-14
7453,Micheal,Davies,micheal.d@gmail.com,2021-10-30
8196,Mike,Davis,mikedavis@yahoo.com,2022-09-07
1962,Sarah,Thompson,saraht@email.com,2020-12-05
3574,Sara,Thomson,sarathomson@gmail.com,2021-03-18
4823,Sally,Thompson,sally.thompson@outlook.com,2023-01-22
5649,Allen,Martinez,allenmartinez@email.com,2020-06-09
6871,Alan,Martinez,alanm@gmail.com,2021-11-14
7294,Allan,Martines,allan.m@yahoo.com,2022-08-26
1234,Emily,Parker,emilyparker@email.com,2020-01-15
1456,James,Wilson,jameswilson@gmail.com,2020-02-20
1678,Maria,Garcia,mariagarcia@yahoo.com,2020-03-25
1892,William,Taylor,wtaylor@outlook.com,2020-04-30
2105,Linda,Moore,lindamoore@email.com,2020-05-05
2318,Richard,Thomas,rthomas@gmail.com,2020-06-10
2547,Patricia,Jackson,pjackson@yahoo.com,2020-07-15
2763,Charles,White,cwhite@email.com,2020-08-20
2984,Jennifer,Harris,jharris@gmail.com,2020-09-25
3157,Joseph,Martin,jmartin@outlook.com,2020-10-30
3421,Elizabeth,Lee,elee@email.com,2020-11-04
3689,Thomas,Walker,twalker@gmail.com,2020-12-09
3845,Margaret,Hall,mhall@yahoo.com,2021-01-14
4023,Christopher,Allen,callen@email.com,2021-02-19
4267,Nancy,Young,nyoung@outlook.com,2021-03-26
4498,Daniel,King,dking@gmail.com,2021-04-01
4712,Betty,Wright,bwright@email.com,2021-05-06
4936,Matthew,Lopez,mlopez@yahoo.com,2021-06-11
5184,Sandra,Hill,shill@gmail.com,2021-07-16
5327,Anthony,Scott,ascott@outlook.com,2021-08-21
5568,Ashley,Green,agreen@email.com,2021-09-26
5742,Mark,Adams,madams@gmail.com,2021-10-01
5913,Donna,Baker,dbaker@yahoo.com,2021-11-06
6157,Paul,Nelson,pnelson@email.com,2021-12-11
6398,Carol,Carter,ccarter@outlook.com,2022-01-16
6521,Steven,Mitchell,smitchell@gmail.com,2022-02-21
6784,Michelle,Perez,mperez@email.com,2022-03-28
6945,Andrew,Roberts,aroberts@yahoo.com,2022-04-02
7126,Dorothy,Turner,dturner@gmail.com,2022-05-07
7358,Joshua,Phillips,jphillips@outlook.com,2022-06-12
7589,Lisa,Campbell,lcampbell@email.com,2022-07-17
7763,Kenneth,Parker,kparker@gmail.com,2022-08-22
7924,Karen,Evans,kevans@yahoo.com,2022-09-27
8145,Kevin,Edwards,kedwards@email.com,2022-10-02
8372,Brian,Collins,bcollins@outlook.com,2022-11-07
8594,George,Stewart,gstewart@gmail.com,2022-12-12
8756,Susan,Sanchez,ssanchez@email.com,2023-01-17
8923,Edward,Morris,emorris@yahoo.com,2023-02-22
9147,Helen,Rogers,hrogers@gmail.com,2023-03-29
9368,Jason,Reed,jreed@outlook.com,2023-04-03
9512,Barbara,Cook,bcook@email.com,2023-05-08
9687,Ronald,Morgan,rmorgan@gmail.com,2023-06-13
9834,Jessica,Bell,jbell@yahoo.com,2023-07-18
1159,Ryan,Murphy,rmurphy@email.com,2023-08-23
1387,Laura,Bailey,lbailey@outlook.com,2023-09-28
1542,Raymond,Rivera,rrivera@gmail.com,2023-10-03
1728,Deborah,Cooper,dcooper@email.com,2023-11-08
1893,Justin,Richardson,jrichardson@yahoo.com,2023-12-13
2047,Frank,Cox,fcox@gmail.com,2024-01-18
2216,Ruth,Howard,rhoward@outlook.com,2024-02-23
2435,Brandon,Ward,bward@email.com,2024-03-30
2658,Janet,Torres,jtorres@gmail.com,2024-04-04
2871,Aaron,Peterson,apeterson@yahoo.com,2024-05-09
3059,Teresa,Gray,tgray@email.com,2024-06-14
3247,Douglas,Ramirez,dramirez@outlook.com,2024-07-19
3482,Carolyn,James,cjames@gmail.com,2024-08-24
3716,Henry,Watson,hwatson@email.com,2024-09-29
3958,Virginia,Brooks,vbrooks@yahoo.com,2024-10-04
4137,Jose,Kelly,jkelly@gmail.com,2024-11-09
4324,Kimberly,Sanders,ksanders@outlook.com,2024-12-14
4586,Nicholas,Price,nprice@email.com,2020-01-20
4759,Pamela,Bennett,pbennett@gmail.com,2020-02-25
4927,Jerry,Wood,jwood@yahoo.com,2020-03-30
5146,Martha,Barnes,mbarnes@email.com,2020-04-04
5392,Jonathan,Ross,jross@outlook.com,2020-05-10
5574,Frances,Henderson,fhenderson@gmail.com,2020-06-15
5738,Ralph,Coleman,rcoleman@email.com,2020-07-20
5926,Christine,Jenkins,cjenkins@yahoo.com,2020-08-25
6139,Roy,Perry,rperry@gmail.com,2020-09-30
6357,Marie,Powell,mpowell@outlook.com,2020-10-05
6589,Scott,Long,slong@email.com,2020-11-10
6742,Judith,Patterson,jpatterson@gmail.com,2020-12-15
6938,Albert,Hughes,ahughes@yahoo.com,2021-01-20
7154,Janice,Flores,jflores@email.com,2021-02-25
7386,Willie,Washington,wwashington@outlook.com,2021-03-02
7541,Megan,Butler,mbutler@gmail.com,2021-04-07
7729,Harold,Simmons,hsimmons@email.com,2021-05-12
7865,Kathryn,Foster,kfoster@yahoo.com,2021-06-17
8094,Eugene,Gonzales,egonzales@gmail.com,2021-07-22
8237,Diane,Bryant,dbryant@outlook.com,2021-08-27
8463,Carl,Alexander,calexander@email.com,2021-09-01
8621,Ruby,Russell,rrussell@gmail.com,2021-10-06
8795,Russell,Griffin,rgriffin@yahoo.com,2021-11-11
8946,Rose,Diaz,rdiaz@email.com,2021-12-16
9178,Peter,Hayes,phayes@outlook.com,2022-01-21
9325,Gloria,Myers,gmyers@gmail.com,2022-02-26
9487,Lawrence,Ford,lford@email.com,2022-03-03
9651,Evelyn,Hamilton,ehamilton@yahoo.com,2022-04-08
9812,Billy,Graham,bgraham@gmail.com,2022-05-13
1273,Annie,Sullivan,asullivan@outlook.com,2022-06-18
1459,Arthur,Wallace,awallace@email.com,2022-07-23
1634,Joan,Woods,jwoods@gmail.com,2022-08-28
1826,Jeremy,Cole,jcole@yahoo.com,2022-09-02
2019,Theresa,West,twest@email.com,2022-10-07
2184,Roger,Jordan,rjordan@outlook.com,2022-11-12
2397,Grace,Owens,gowens@gmail.com,2022-12-17
2563,Gerald,Reynolds,greynolds@email.com,2023-01-22
2748,Marilyn,Fisher,mfisher@yahoo.com,2023-02-27
2915,Keith,Ellis,kellis@gmail.com,2023-03-04
3128,Beverly,Gibson,bgibson@outlook.com,2023-04-09
3364,Philip,Castillo,pcastillo@email.com,2023-05-14
3597,Shirley,Fields,sfields@gmail.com,2023-06-19
3742,Louis,Lynch,llynch@yahoo.com,2023-07-24
3988,Diana,Carr,dcarr@email.com,2023-08-29
4219,Adam,Ferguson,aferguson@outlook.com,2023-09-03
4453,Joyce,Knox,jknox@gmail.com,2023-10-08
4687,Wayne,Webb,wwebb@email.com,2023-11-13
4862,Victoria,Tucker,vtucker@yahoo.com,2023-12-18