customer_id,full_name,email,phone
L001,Robert Smith,robert.smith@gmail.com,(555) 123-4567
L002,Jennifer Anderson,jennifer.anderson@yahoo.com,(555) 234-5678
L003,Michael Johnson,michael.johnson@hotmail.com,(555) 345-6789
L004,Elizabeth Davis,elizabeth.davis@company.com,(555) 456-7890
L005,William Brown,william.brown@outlook.com,(555) 567-8901
L006,Mary-Jane Wilson,maryjane.wilson@gmail.com,(555) 678-9012
L007,Christopher Lee,christopher.lee@yahoo.com,(555) 789-0123
L008,Sarah Martinez,sarah.martinez@hotmail.com,(555) 890-1234
L009,David Thompson,david.thompson@company.com,(555) 901-2345
L010,Jessica Garcia,jessica.garcia@outlook.com,(555) 012-3456
L011,James Rodriguez,james.rodriguez@gmail.com,(555) 123-4568
L012,Amanda White,amanda.white@yahoo.com,(555) 234-5679
L013,Daniel Harris,daniel.harris@hotmail.com,(555) 345-6780
L014,Ashley Martin,ashley.martin@company.com,(555) 456-7891
L015,Matthew Thomas,matthew.thomas@outlook.com,(555) 567-8902
L016,Emily Jackson,emily.jackson@gmail.com,(555) 678-9013
L017,Joseph Taylor,joseph.taylor@yahoo.com,(555) 789-0124
L018,Nicole Moore,nicole.moore@hotmail.com,(555) 890-1235
L019,Ryan Anderson,ryan.anderson@company.com,(555) 901-2346
L020,Stephanie Clark,stephanie.clark@outlook.com,(555) 012-3457
L021,Kevin Lewis,kevin.lewis@gmail.com,(555) 123-4569
L022,Melissa Walker,melissa.walker@yahoo.com,(555) 234-5680
L023,Brian Hall,brian.hall@hotmail.com,(555) 345-6781
L024,Rebecca Allen,rebecca.allen@company.com,(555) 456-7892
L025,Jason Young,jason.young@outlook.com,(555) 567-8903
L026,Laura King,laura.king@gmail.com,(555) 678-9014
L027,Timothy Wright,timothy.wright@yahoo.com,(555) 789-0125
L028,Kimberly Lopez,kimberly.lopez@hotmail.com,(555) 890-1236
L029,Jeffrey Hill,jeffrey.hill@company.com,(555) 901-2347
L030,Michelle Scott,michelle.scott@outlook.com,(555) 012-3458
L031,Andrew Green,andrew.green@gmail.com,(555) 123-4570
L032,Lisa Adams,lisa.adams@yahoo.com,(555) 234-5681
L033,Kenneth Baker,kenneth.baker@hotmail.com,(555) 345-6782
L034,Donna Nelson,donna.nelson@company.com,(555) 456-7893
L035,Steven Carter,steven.carter@outlook.com,(555) 567-8904
L036,Carol Mitchell,carol.mitchell@gmail.com,(555) 678-9015
L037,Paul Roberts,paul.roberts@yahoo.com,(555) 789-0126
L038,Sharon Turner,sharon.turner@hotmail.com,(555) 890-1237
L039,Mark Phillips,mark.phillips@company.com,(555) 901-2348
L040,Barbara Campbell,barbara.campbell@outlook.com,(555) 012-3459
L041,Donald Parker,donald.parker@gmail.com,(555) 123-4571
L042,Betty Evans,betty.evans@yahoo.com,(555) 234-5682
L043,George Edwards,george.edwards@hotmail.com,(555) 345-6783
L044,Sandra Collins,sandra.collins@company.com,(555) 456-7894
L045,Charles Stewart,charles.stewart@outlook.com,(555) 567-8905
L046,Helen Morris,helen.morris@gmail.com,(555) 678-9016
L047,Edward Rogers,edward.rogers@yahoo.com,(555) 789-0127
L048,Dorothy Reed,dorothy.reed@hotmail.com,(555) 890-1238
L049,Richard Cook,richard.cook@company.com,(555) 901-2349
L050,Nancy Morgan,nancy.morgan@outlook.com,(555) 012-3460
L051,Thomas Bell,thomas.bell@gmail.com,(555) 123-4572
L052,Margaret Murphy,margaret.murphy@yahoo.com,(555) 234-5683
L053,Anthony Bailey,anthony.bailey@hotmail.com,(555) 345-6784
L054,Linda Rivera,linda.rivera@company.com,(555) 456-7895
L055,Ronald Cooper,ronald.cooper@outlook.com,(555) 567-8906
L056,Patricia Richardson,patricia.richardson@gmail.com,(555) 678-9017
L057,Frank Cox,frank.cox@yahoo.com,(555) 789-0128
L058,Maria Howard,maria.howard@hotmail.com,(555) 890-1239
L059,Gregory Ward,gregory.ward@company.com,(555) 901-2350
L060,Ruth Torres,ruth.torres@outlook.com,(555) 012-3461
L061,Raymond Peterson,raymond.peterson@gmail.com,(555) 123-4573
L062,Virginia Gray,virginia.gray@yahoo.com,(555) 234-5684
L063,Patrick Ramirez,patrick.ramirez@hotmail.com,(555) 345-6785
L064,Deborah James,deborah.james@company.com,(555) 456-7896
L065,Douglas Watson,douglas.watson@outlook.com,(555) 567-8907
L066,Catherine Brooks,catherine.brooks@gmail.com,(555) 678-9018
L067,Henry Kelly,henry.kelly@yahoo.com,(555) 789-0129
L068,Janet Sanders,janet.sanders@hotmail.com,(555) 890-1240
L069,Carl Price,carl.price@company.com,(555) 901-2351
L070,Katherine Bennett,katherine.bennett@outlook.com,(555) 012-3462
L071,Arthur Wood,arthur.wood@gmail.com,(555) 123-4574
L072,Joyce Barnes,joyce.barnes@yahoo.com,(555) 234-5685
L073,Harold Ross,harold.ross@hotmail.com,(555) 345-6786
L074,Diane Henderson,diane.henderson@company.com,(555) 456-7897
L075,Walter Coleman,walter.coleman@outlook.com,(555) 567-8908
L076,Alice Jenkins,alice.jenkins@gmail.com,(555) 678-9019
L077,Eugene Perry,eugene.perry@yahoo.com,(555) 789-0130
L078,Marie Powell,marie.powell@hotmail.com,(555) 890-1241
L079,Gerald Long,gerald.long@company.com,(555) 901-2352
L080,Julie Patterson,julie.patterson@outlook.com,(555) 012-3463
L081,Ralph Hughes,ralph.hughes@gmail.com,(555) 123-4575
L082,Ann Flores,ann.flores@yahoo.com,(555) 234-5686
L083,Peter Washington,peter.washington@hotmail.com,(555) 345-6787
L084,Jean Butler,jean.butler@company.com,(555) 456-7898
L085,Albert Simmons,albert.simmons@outlook.com,(555) 567-8909
L086,Cheryl Foster,cheryl.foster@gmail.com,(555) 678-9020
L087,Jack Gonzales,jack.gonzales@yahoo.com,(555) 789-0131
L088,Mildred Bryant,mildred.bryant@hotmail.com,(555) 890-1242
L089,Russell Alexander,russell.alexander@company.com,(555) 901-2353
L090,Frances Russell,frances.russell@outlook.com,(555) 012-3464
L091,Bobby Griffin,bobby.griffin@gmail.com,(555) 123-4576
L092,Gloria Diaz,gloria.diaz@yahoo.com,(555) 234-5687
L093,Philip Hayes,philip.hayes@hotmail.com,(555) 345-6788
L094,Teresa Myers,teresa.myers@company.com,(555) 456-7899
L095,Victor Ford,victor.ford@outlook.com,(555) 567-8910
L096,Evelyn Hamilton,evelyn.hamilton@gmail.com,(555) 678-9021
L097,Samuel Graham,samuel.graham@yahoo.com,(555) 789-0132
L098,Irene Sullivan,irene.sullivan@hotmail.com,(555) 890-1243
L099,Louis Wallace,louis.wallace@company.com,(555) 901-2354
L100,Annie Woods,annie.woods@outlook.com,(555) 012-3465