Id,FirstName,LastName,Email,AccountId,Status,Title,Phone
003XX000004DGc1QAG,John,Smith,john.smith@acmecorp.com,001XX000003DGb2QAG,Active,VP of Sales,555-0100
003XX000004DGc2QAG,Sarah,Johnson,sarah.johnson@acmecorp.com,001XX000003DGb2QAG,Active,Director of Marketing,555-0101
003XX000004DGc3QAG,Michael,Williams,michael.williams@acmecorp.com,001XX000003DGb2QAG,Active,Chief Technology Officer,555-0102
003XX000004DGc4QAG,Emily,Brown,emily.brown@acmecorp.com,001XX000003DGb2QAG,Active,Product Manager,555-0103
003XX000004DGc5QAG,David,Jones,david.jones@acmecorp.com,001XX000003DGb2QAG,Inactive,Sales Associate,555-0104
003XX000004DGc6QAG,Jennifer,Garcia,jennifer.garcia@techstart.com,001XX000003DGb3QAG,Active,CEO,555-0105
003XX000004DGc7QAG,Robert,Martinez,robert.martinez@techstart.com,001XX000003DGb3QAG,Active,CFO,555-0106
003XX000004DGc8QAG,Lisa,Rodriguez,lisa.rodriguez@techstart.com,001XX000003DGb3QAG,Active,VP of Operations,555-0107
003XX000004DGc9QAG,James,Davis,james.davis@techstart.com,001XX000003DGb3QAG,Active,Engineering Manager,555-0108
003XX000004DGd0QAG,Mary,Miller,mary.miller@globalfinance.com,001XX000003DGb4QAG,Active,Senior Analyst,555-0109
003XX000004DGd1QAG,William,Wilson,william.wilson@globalfinance.com,001XX000003DGb4QAG,Active,Portfolio Manager,555-0110
003XX000004DGd2QAG,Patricia,Moore,patricia.moore@globalfinance.com,001XX000003DGb4QAG,Active,Director of Finance,555-0111
003XX000004DGd3QAG,Richard,Taylor,richard.taylor@globalfinance.com,001XX000003DGb4QAG,,Risk Analyst,555-0112
003XX000004DGd4QAG,Linda,Anderson,linda.anderson@healthsystems.com,001XX000003DGb5QAG,Active,Chief Medical Officer,555-0113
003XX000004DGd5QAG,Charles,Thomas,charles.thomas@healthsystems.com,001XX000003DGb5QAG,Active,Operations Director,555-0114
003XX000004DGd6QAG,Barbara,Jackson,barbara.jackson@healthsystems.com,001XX000003DGb5QAG,Active,Compliance Officer,555-0115
003XX000004DGd7QAG,Joseph,White,joseph.white@healthsystems.com,001XX000003DGb5QAG,Active,IT Manager,555-0116
003XX000004DGd8QAG,Susan,Harris,susan.harris@healthsystems.com,001XX000003DGb5QAG,Inactive,HR Manager,555-0117
003XX000004DGd9QAG,Thomas,Martin,thomas.martin@innovatech.com,001XX000003DGb6QAG,Active,VP of Engineering,555-0118
003XX000004DGe0QAG,Jessica,Thompson,jessica.thompson@innovatech.com,001XX000003DGb6QAG,Active,Product Lead,555-0119
003XX000004DGe1QAG,Daniel,Garcia,daniel.garcia@innovatech.com,001XX000003DGb6QAG,Active,Sales Director,555-0120
003XX000004DGe2QAG,Nancy,Martinez,nancy.martinez@retailco.com,001XX000003DGb7QAG,Inactive,Store Manager,555-0121
003XX000004DGe3QAG,Matthew,Robinson,matthew.robinson@retailco.com,001XX000003DGb7QAG,Active,Regional Director,555-0122
003XX000004DGe4QAG,Karen,Clark,karen.clark@megabank.com,001XX000003DGb8QAG,Active,Senior VP,555-0123
003XX000004DGe5QAG,Paul,Rodriguez,paul.rodriguez@megabank.com,001XX000003DGb8QAG,Active,Branch Manager,555-0124
003XX000004DGe6QAG,Betty,Lewis,betty.lewis@megabank.com,001XX000003DGb8QAG,Active,Investment Advisor,555-0125
003XX000004DGe7QAG,Mark,Lee,mark.lee@megabank.com,001XX000003DGb8QAG,Active,Compliance Director,555-0126
003XX000004DGe8QAG,Sandra,Walker,sandra.walker@medicalplus.com,001XX000003DGb9QAG,Active,Administrator,555-0127
003XX000004DGe9QAG,Donald,Hall,donald.hall@medicalplus.com,001XX000003DGb9QAG,Active,Clinical Director,555-0128
003XX000004DGf0QAG,Ashley,Allen,ashley.allen@medicalplus.com,001XX000003DGb9QAG,Active,Patient Services Manager,555-0129
003XX000004DGf1QAG,Kenneth,Young,kenneth.young@cloudsoft.com,001XX000003DGc0QAG,Active,CTO,555-0130
003XX000004DGf2QAG,Donna,Hernandez,donna.hernandez@cloudsoft.com,001XX000003DGc0QAG,Active,VP of Sales,555-0131
003XX000004DGf3QAG,Steven,King,steven.king@cloudsoft.com,001XX000003DGc0QAG,Active,Marketing Director,555-0132
003XX000004DGf4QAG,Carol,Wright,carol.wright@cloudsoft.com,001XX000003DGc0QAG,,Developer Lead,555-0133
003XX000004DGf5QAG,George,Lopez,george.lopez@dataanalytics.com,001XX000003DGc1QAG,Inactive,Data Scientist,555-0134
003XX000004DGf6QAG,Michelle,Hill,michelle.hill@dataanalytics.com,001XX000003DGc1QAG,Active,Analytics Manager,555-0135
003XX000004DGf7QAG,Edward,Scott,edward.scott@energycorp.com,001XX000003DGc2QAG,Active,Operations Manager,555-0136
003XX000004DGf8QAG,Laura,Green,laura.green@energycorp.com,001XX000003DGc2QAG,Inactive,Project Coordinator,555-0137
003XX000004DGf9QAG,Kevin,Adams,kevin.adams@pharmaplus.com,001XX000003DGc3QAG,Active,Research Director,555-0138
003XX000004DGg0QAG,Amy,Baker,amy.baker@pharmaplus.com,001XX000003DGc3QAG,Active,Clinical Trials Manager,555-0139
003XX000004DGg1QAG,Brian,Gonzalez,brian.gonzalez@pharmaplus.com,001XX000003DGc3QAG,Active,Regulatory Affairs,555-0140
003XX000004DGg2QAG,Angela,Nelson,angela.nelson@pharmaplus.com,001XX000003DGc3QAG,Active,Quality Assurance Lead,555-0141
003XX000004DGg3QAG,Ryan,Carter,ryan.carter@automakers.com,001XX000003DGc4QAG,Inactive,Assembly Manager,555-0142
003XX000004DGg4QAG,Rebecca,Mitchell,rebecca.mitchell@automakers.com,001XX000003DGc4QAG,Active,Supply Chain Director,555-0143
003XX000004DGg5QAG,Jason,Perez,jason.perez@smartfinance.com,001XX000003DGc5QAG,Active,Financial Analyst,555-0144
003XX000004DGg6QAG,Stephanie,Roberts,stephanie.roberts@smartfinance.com,001XX000003DGc5QAG,Active,Portfolio Director,555-0145
003XX000004DGg7QAG,Jacob,Turner,jacob.turner@smartfinance.com,001XX000003DGc5QAG,Active,Investment Manager,555-0146
003XX000004DGg8QAG,Katherine,Phillips,katherine.phillips@smartfinance.com,001XX000003DGc5QAG,Active,Client Relations,555-0147
003XX000004DGg9QAG,Gary,Campbell,gary.campbell@hospitalgroup.com,001XX000003DGc6QAG,Active,Chief Administrator,555-0148
003XX000004DGh0QAG,Virginia,Parker,virginia.parker@hospitalgroup.com,001XX000003DGc6QAG,Active,Nursing Director,555-0149
003XX000004DGh1QAG,Nicholas,Evans,nicholas.evans@hospitalgroup.com,001XX000003DGc6QAG,Active,Facilities Manager,555-0150
003XX000004DGh2QAG,Deborah,Edwards,deborah.edwards@hospitalgroup.com,001XX000003DGc6QAG,,HR Director,555-0151
003XX000004DGh3QAG,Eric,Collins,eric.collins@techventures.com,001XX000003DGc7QAG,Active,Founder & CEO,555-0152
003XX000004DGh4QAG,Janet,Stewart,janet.stewart@techventures.com,001XX000003DGc7QAG,Active,Head of Product,555-0153
003XX000004DGh5QAG,Jonathan,Sanchez,jonathan.sanchez@techventures.com,001XX000003DGc7QAG,Active,Engineering VP,555-0154
003XX000004DGh6QAG,Diane,Morris,diane.morris@insurancepro.com,001XX000003DGc8QAG,Inactive,Underwriter,555-0155
003XX000004DGh7QAG,Harold,Rogers,harold.rogers@insurancepro.com,001XX000003DGc8QAG,Active,Claims Manager,555-0156
003XX000004DGh8QAG,Heather,Reed,heather.reed@logisticsworld.com,001XX000003DGc9QAG,Active,Logistics Coordinator,555-0157
003XX000004DGh9QAG,Scott,Cook,scott.cook@logisticsworld.com,001XX000003DGc9QAG,Inactive,Warehouse Manager,555-0158
003XX000004DGi0QAG,Gloria,Morgan,gloria.morgan@biomed.com,001XX000003DGd0QAG,Active,Lab Director,555-0159
003XX000004DGi1QAG,Jeremy,Bell,jeremy.bell@biomed.com,001XX000003DGd0QAG,Active,Research Scientist,555-0160
003XX000004DGi2QAG,Teresa,Murphy,teresa.murphy@biomed.com,001XX000003DGd0QAG,Active,Clinical Manager,555-0161
003XX000004DGi3QAG,Roy,Bailey,roy.bailey@cybersecure.com,001XX000003DGd1QAG,Active,Security Architect,555-0162
003XX000004DGi4QAG,Judy,Rivera,judy.rivera@cybersecure.com,001XX000003DGd1QAG,Active,VP of Security,555-0163
003XX000004DGi5QAG,Arthur,Cooper,arthur.cooper@cybersecure.com,001XX000003DGd1QAG,Active,Incident Response Lead,555-0164
003XX000004DGi6QAG,Cheryl,Richardson,cheryl.richardson@cybersecure.com,001XX000003DGd1QAG,Active,Compliance Manager,555-0165
003XX000004DGi7QAG,Ralph,Cox,ralph.cox@manufacturing.com,001XX000003DGd2QAG,Inactive,Plant Manager,555-0166
003XX000004DGi8QAG,Pamela,Howard,pamela.howard@manufacturing.com,001XX000003DGd2QAG,Active,Production Director,555-0167
003XX000004DGi9QAG,Carl,Ward,carl.ward@wealthadvisors.com,001XX000003DGd3QAG,Active,Senior Advisor,555-0168
003XX000004DGj0QAG,Megan,Torres,megan.torres@wealthadvisors.com,001XX000003DGd3QAG,Active,Investment Specialist,555-0169
003XX000004DGj1QAG,Russell,Peterson,russell.peterson@wealthadvisors.com,001XX000003DGd3QAG,Active,Client Manager,555-0170
003XX000004DGj2QAG,Christine,Gray,christine.gray@healthcaresolutions.com,001XX000003DGd4QAG,Active,Program Director,555-0171
003XX000004DGj3QAG,Larry,Ramirez,larry.ramirez@healthcaresolutions.com,001XX000003DGd4QAG,Active,Operations Manager,555-0172
003XX000004DGj4QAG,Emma,James,emma.james@healthcaresolutions.com,001XX000003DGd4QAG,Active,Quality Director,555-0173
003XX000004DGj5QAG,Philip,Watson,philip.watson@healthcaresolutions.com,001XX000003DGd4QAG,,Billing Manager,555-0174
003XX000004DGj6QAG,Jacqueline,Brooks,jacqueline.brooks@digitalmarketing.com,001XX000003DGd5QAG,Inactive,Marketing Director,555-0175
003XX000004DGj7QAG,Dennis,Kelly,dennis.kelly@digitalmarketing.com,001XX000003DGd5QAG,Active,Creative Director,555-0176
003XX000004DGj8QAG,Hannah,Sanders,hannah.sanders@softwaredev.com,001XX000003DGd6QAG,Active,Development Manager,555-0177
003XX000004DGj9QAG,Walter,Price,walter.price@softwaredev.com,001XX000003DGd6QAG,Active,Senior Developer,555-0178
003XX000004DGk0QAG,Alice,Bennett,alice.bennett@softwaredev.com,001XX000003DGd6QAG,Active,QA Lead,555-0179
003XX000004DGk1QAG,Gerald,Wood,gerald.wood@softwaredev.com,001XX000003DGd6QAG,Active,DevOps Engineer,555-0180
003XX000004DGk2QAG,Victoria,Barnes,victoria.barnes@financialservices.com,001XX000003DGd7QAG,Active,VP of Finance,555-0181
003XX000004DGk3QAG,Keith,Ross,keith.ross@financialservices.com,001XX000003DGd7QAG,Active,Accounting Manager,555-0182
003XX000004DGk4QAG,Olivia,Henderson,olivia.henderson@financialservices.com,001XX000003DGd7QAG,Active,Financial Controller,555-0183
003XX000004DGk5QAG,Jerry,Coleman,jerry.coleman@hospitalnetwork.com,001XX000003DGd8QAG,Inactive,Medical Director,555-0184
003XX000004DGk6QAG,Rachel,Jenkins,rachel.jenkins@hospitalnetwork.com,001XX000003DGd8QAG,Active,Patient Care Director,555-0185
003XX000004DGk7QAG,Henry,Perry,henry.perry@hospitalnetwork.com,001XX000003DGd8QAG,Active,Emergency Services Manager,555-0186
003XX000004DGk8QAG,Grace,Powell,grace.powell@hospitalnetwork.com,001XX000003DGd8QAG,Active,Surgical Services Director,555-0187
003XX000004DGk9QAG,Joe,Long,joe.long@aitech.com,001XX000003DGd9QAG,Active,Chief Scientist,555-0188
003XX000004DGl0QAG,Julia,Patterson,julia.patterson@aitech.com,001XX000003DGd9QAG,Active,Machine Learning Lead,555-0189
003XX000004DGl1QAG,Willie,Hughes,willie.hughes@aitech.com,001XX000003DGd9QAG,Active,Data Engineering Manager,555-0190
003XX000004DGl2QAG,Evelyn,Flores,evelyn.flores@aitech.com,001XX000003DGd9QAG,Active,Product Manager,555-0191
003XX000004DGl3QAG,Albert,Washington,albert.washington@constructionco.com,001XX000003DGe0QAG,Inactive,Site Manager,555-0192
003XX000004DGl4QAG,Madison,Butler,madison.butler@constructionco.com,001XX000003DGe0QAG,Active,Project Director,555-0193
003XX000004DGl5QAG,Howard,Simmons,howard.simmons@bankingcorp.com,001XX000003DGe1QAG,Active,Branch President,555-0194
003XX000004DGl6QAG,Lillian,Foster,lillian.foster@bankingcorp.com,001XX000003DGe1QAG,Active,Loan Officer,555-0195
003XX000004DGl7QAG,Joshua,Gonzales,joshua.gonzales@bankingcorp.com,001XX000003DGe1QAG,Active,Operations VP,555-0196
003XX000004DGl8QAG,Samantha,Bryant,samantha.bryant@bankingcorp.com,001XX000003DGe1QAG,,Teller Manager,555-0197
003XX000004DGl9QAG,Eugene,Alexander,eugene.alexander@medtech.com,001XX000003DGe2QAG,Active,Engineering Director,555-0198
003XX000004DGm0QAG,Natalie,Russell,natalie.russell@medtech.com,001XX000003DGe2QAG,Active,Regulatory Manager,555-0199
003XX000004DGm1QAG,Randy,Griffin,randy.griffin@medtech.com,001XX000003DGe2QAG,Active,Quality Engineer,555-0200
003XX000004DGm2QAG,Brittany,Diaz,brittany.diaz@medtech.com,001XX000003DGe2QAG,Active,Product Development Lead,555-0201
003XX000004DGm3QAG,Bobby,Hayes,bobby.hayes@telecommunications.com,001XX000003DGe3QAG,Inactive,Network Engineer,555-0202
003XX000004DGm4QAG,Alexis,Myers,alexis.myers@telecommunications.com,001XX000003DGe3QAG,Active,Operations Manager,555-0203
003XX000004DGm5QAG,Bruce,Ford,bruce.ford@investmentbank.com,001XX000003DGe4QAG,Active,Managing Director,555-0204
003XX000004DGm6QAG,Amber,Hamilton,amber.hamilton@investmentbank.com,001XX000003DGe4QAG,Active,VP of Trading,555-0205
003XX000004DGm7QAG,Brandon,Graham,brandon.graham@investmentbank.com,001XX000003DGe4QAG,Active,Risk Manager,555-0206
003XX000004DGm8QAG,Christina,Sullivan,christina.sullivan@investmentbank.com,001XX000003DGe4QAG,Active,Compliance Officer,555-0207
003XX000004DGm9QAG,Wayne,Wallace,wayne.wallace@clinicgroup.com,001XX000003DGe5QAG,Active,Clinical Director,555-0208
003XX000004DGn0QAG,Danielle,Woods,danielle.woods@clinicgroup.com,001XX000003DGe5QAG,Active,Practice Manager,555-0209
003XX000004DGn1QAG,Jesse,Cole,jesse.cole@clinicgroup.com,001XX000003DGe5QAG,Active,Patient Services Director,555-0210
003XX000004DGn2QAG,Sophia,West,sophia.west@techconsulting.com,001XX000003DGe6QAG,Inactive,Senior Consultant,555-0211
003XX000004DGn3QAG,Dylan,Jordan,dylan.jordan@techconsulting.com,001XX000003DGe6QAG,Active,Practice Lead,555-0212
003XX000004DGn4QAG,Kathryn,Owens,kathryn.owens@techconsulting.com,001XX000003DGe6QAG,Active,Engagement Manager,555-0213
003XX000004DGn5QAG,Louis,Reynolds,louis.reynolds@techconsulting.com,001XX000003DGe6QAG,Active,Strategy Director,555-0214
003XX000004DGn6QAG,Kayla,Fisher,kayla.fisher@foodservice.com,001XX000003DGe7QAG,Inactive,Regional Manager,555-0215
003XX000004DGn7QAG,Russell,Ellis,russell.ellis@foodservice.com,001XX000003DGe7QAG,Active,Operations Director,555-0216
003XX000004DGn8QAG,Melissa,Gibson,melissa.gibson@assetmanagement.com,001XX000003DGe8QAG,Active,Portfolio Manager,555-0217
003XX000004DGn9QAG,Billy,Hunt,billy.hunt@assetmanagement.com,001XX000003DGe8QAG,Active,Investment Director,555-0218
003XX000004DGo0QAG,Lauren,Crawford,lauren.crawford@assetmanagement.com,001XX000003DGe8QAG,Active,Research Analyst,555-0219
003XX000004DGo1QAG,Gregory,Mason,gregory.mason@assetmanagement.com,001XX000003DGe8QAG,Active,Client Services Manager,555-0220
003XX000004DGo2QAG,Abigail,Wells,abigail.wells@healthtech.com,001XX000003DGe9QAG,Active,VP of Engineering,555-0221
003XX000004DGo3QAG,Johnny,Riley,johnny.riley@healthtech.com,001XX000003DGe9QAG,Active,Clinical Systems Manager,555-0222
003XX000004DGo4QAG,Maria,Stone,maria.stone@healthtech.com,001XX000003DGe9QAG,Active,Product Director,555-0223
003XX000004DGo5QAG,Sean,Carpenter,sean.carpenter@robotics.com,001XX000003DGf0QAG,Inactive,Engineering Manager,555-0224
003XX000004DGo6QAG,Kimberly,Arnold,kimberly.arnold@robotics.com,001XX000003DGf0QAG,Active,Director of R&D,555-0225
003XX000004DGo7QAG,Frank,Lane,frank.lane@robotics.com,001XX000003DGf0QAG,Active,Manufacturing Lead,555-0226
003XX000004DGo8QAG,Charlotte,Webb,charlotte.webb@robotics.com,001XX000003DGf0QAG,Active,Quality Manager,555-0227
003XX000004DGo9QAG,Alexander,Rose,alexander.rose@creditunion.com,001XX000003DGf1QAG,Active,CEO,555-0228
003XX000004DGp0QAG,Allison,Stone,allison.stone@creditunion.com,001XX000003DGf1QAG,Active,CFO,555-0229
003XX000004DGp1QAG,Tyler,Black,tyler.black@creditunion.com,001XX000003DGf1QAG,Active,VP of Operations,555-0230
003XX000004DGp2QAG,Nicole,Burke,nicole.burke@clinicalresearch.com,001XX000003DGf2QAG,Inactive,Research Director,555-0231
003XX000004DGp3QAG,Aaron,Dean,aaron.dean@clinicalresearch.com,001XX000003DGf2QAG,Active,Clinical Coordinator,555-0232
003XX000004DGp4QAG,Isabella,Simmons,isabella.simmons@clinicalresearch.com,001XX000003DGf2QAG,Active,Study Manager,555-0233
003XX000004DGp5QAG,Patrick,Lynch,patrick.lynch@clinicalresearch.com,001XX000003DGf2QAG,Active,Data Manager,555-0234
003XX000004DGp6QAG,Madison,Duncan,madison.duncan@semiconductors.com,001XX000003DGf3QAG,Active,Operations VP,555-0235
003XX000004DGp7QAG,Victor,Elliott,victor.elliott@semiconductors.com,001XX000003DGf3QAG,Active,Fab Manager,555-0236
003XX000004DGp8QAG,Erin,Lucas,erin.lucas@semiconductors.com,001XX000003DGf3QAG,Active,Engineering Director,555-0237
003XX000004DGp9QAG,Douglas,Snyder,douglas.snyder@equitypartners.com,001XX000003DGf4QAG,Inactive,Partner,555-0238
003XX000004DGq0QAG,Chloe,Kelley,chloe.kelley@equitypartners.com,001XX000003DGf4QAG,Active,Investment Manager,555-0239
003XX000004DGq1QAG,Adam,Arnold,adam.arnold@equitypartners.com,001XX000003DGf4QAG,Active,Associate Director,555-0240
003XX000004DGq2QAG,Brooke,Matthews,brooke.matthews@equitypartners.com,001XX000003DGf4QAG,Active,Finance Manager,555-0241
003XX000004DGq3QAG,Peter,Pearson,peter.pearson@dentalgroup.com,001XX000003DGf5QAG,Active,Practice Administrator,555-0242
003XX000004DGq4QAG,Courtney,Bradley,courtney.bradley@dentalgroup.com,001XX000003DGf5QAG,Active,Office Manager,555-0243
003XX000004DGq5QAG,Samuel,Cunningham,samuel.cunningham@dentalgroup.com,001XX000003DGf5QAG,Active,Operations Director,555-0244
003XX000004DGq6QAG,Katherine,Austin,katherine.austin@cloudservices.com,001XX000003DGf6QAG,Active,VP of Engineering,555-0245
003XX000004DGq7QAG,Justin,Harvey,justin.harvey@cloudservices.com,001XX000003DGf6QAG,Active,Infrastructure Lead,555-0246
003XX000004DGq8QAG,Kelsey,Stevens,kelsey.stevens@cloudservices.com,001XX000003DGf6QAG,Active,Solutions Architect,555-0247
003XX000004DGq9QAG,Jordan,Richards,jordan.richards@cloudservices.com,001XX000003DGf6QAG,Active,Product Manager,555-0248
003XX000004DGr0QAG,Ann,Howard,ann.howard@insurance.com,001XX000003DGf7QAG,Inactive,Underwriting Manager,555-0249
003XX000004DGr1QAG,Alan,Palmer,alan.palmer@insurance.com,001XX000003DGf7QAG,Active,Claims Director,555-0250
003XX000004DGr2QAG,Elijah,Reynolds,elijah.reynolds@biotechnology.com,001XX000003DGf8QAG,Active,Research VP,555-0251
003XX000004DGr3QAG,Savannah,Grant,savannah.grant@biotechnology.com,001XX000003DGf8QAG,Active,Lab Manager,555-0252
003XX000004DGr4QAG,Jack,Tucker,jack.tucker@biotechnology.com,001XX000003DGf8QAG,Active,Clinical Development Lead,555-0253
003XX000004DGr5QAG,Maya,Knight,maya.knight@biotechnology.com,001XX000003DGf8QAG,Active,Regulatory Affairs Manager,555-0254
003XX000004DGr6QAG,Ethan,Holmes,ethan.holmes@networking.com,001XX000003DGf9QAG,Inactive,Network Architect,555-0255
003XX000004DGr7QAG,Addison,Porter,addison.porter@networking.com,001XX000003DGf9QAG,Active,Solutions Engineer,555-0256
003XX000004DGr8QAG,Logan,Harper,logan.harper@venturecapital.com,001XX000003DGg0QAG,Active,Managing Partner,555-0257
003XX000004DGr9QAG,Aubrey,Harrison,aubrey.harrison@venturecapital.com,001XX000003DGg0QAG,Active,Investment Director,555-0258
003XX000004DGs0QAG,Christian,Boyd,christian.boyd@venturecapital.com,001XX000003DGg0QAG,Active,Principal,555-0259
003XX000004DGs1QAG,Claire,Ferguson,claire.ferguson@surgicaldevices.com,001XX000003DGg1QAG,Active,Engineering VP,555-0260
003XX000004DGs2QAG,Luke,Shaw,luke.shaw@surgicaldevices.com,001XX000003DGg1QAG,Active,Product Development Director,555-0261
003XX000004DGs3QAG,Ella,George,ella.george@surgicaldevices.com,001XX000003DGg1QAG,Active,Regulatory Manager,555-0262
003XX000004DGs4QAG,Isaac,Franklin,isaac.franklin@surgicaldevices.com,001XX000003DGg1QAG,Active,Quality Director,555-0263
003XX000004DGs5QAG,Brooklyn,Dixon,brooklyn.dixon@aerospace.com,001XX000003DGg2QAG,Inactive,Program Manager,555-0264
003XX000004DGs6QAG,Zachary,Palmer,zachary.palmer@aerospace.com,001XX000003DGg2QAG,Active,Engineering Lead,555-0265
003XX000004DGs7QAG,Zoey,Gordon,zoey.gordon@privateequity.com,001XX000003DGg3QAG,Active,Senior Partner,555-0266
003XX000004DGs8QAG,Cameron,Chapman,cameron.chapman@privateequity.com,001XX000003DGg3QAG,Active,Director,555-0267
003XX000004DGs9QAG,Penelope,Pierce,penelope.pierce@privateequity.com,001XX000003DGg3QAG,Active,VP of Investments,555-0268
003XX000004DGt0QAG,Mason,Spencer,mason.spencer@hospitalitygroup.com,001XX000003DGg4QAG,Inactive,General Manager,555-0269
003XX000004DGt1QAG,Layla,Knight,layla.knight@hospitalitygroup.com,001XX000003DGg4QAG,Active,Operations Director,555-0270
003XX000004DGt2QAG,Owen,Meyer,owen.meyer@diagnostics.com,001XX000003DGg5QAG,Active,Lab Director,555-0271
003XX000004DGt3QAG,Aria,Graham,aria.graham@diagnostics.com,001XX000003DGg5QAG,Active,Clinical Manager,555-0272
003XX000004DGt4QAG,Nathan,Mason,nathan.mason@diagnostics.com,001XX000003DGg5QAG,Active,Operations VP,555-0273
003XX000004DGt5QAG,Violet,Wagner,violet.wagner@diagnostics.com,001XX000003DGg5QAG,Active,Quality Assurance Manager,555-0274
003XX000004DGt6QAG,Levi,Bishop,levi.bishop@securitysystems.com,001XX000003DGg6QAG,Inactive,Security Manager,555-0275
003XX000004DGt7QAG,Skylar,Webb,skylar.webb@securitysystems.com,001XX000003DGg6QAG,Active,Operations Director,555-0276
003XX000004DGt8QAG,Isaiah,Berry,isaiah.berry@tradingfirm.com,001XX000003DGg7QAG,Active,Head Trader,555-0277
003XX000004DGt9QAG,Paisley,Cole,paisley.cole@tradingfirm.com,001XX000003DGg7QAG,Active,Risk Manager,555-0278
003XX000004DGu0QAG,Hunter,Jordan,hunter.jordan@tradingfirm.com,001XX000003DGg7QAG,Active,Quantitative Analyst,555-0279
003XX000004DGu1QAG,Bella,Holmes,bella.holmes@tradingfirm.com,001XX000003DGg7QAG,Active,Operations Manager,555-0280
003XX000004DGu2QAG,Sebastian,Reynolds,sebastian.reynolds@homehealth.com,001XX000003DGg8QAG,Active,Regional Director,555-0281
003XX000004DGu3QAG,Nova,Sanders,nova.sanders@homehealth.com,001XX000003DGg8QAG,Active,Clinical Manager,555-0282
003XX000004DGu4QAG,Caleb,Murray,caleb.murray@homehealth.com,001XX000003DGg8QAG,Active,Operations Coordinator,555-0283
003XX000004DGu5QAG,Lucy,Knight,lucy.knight@saascompany.com,001XX000003DGg9QAG,Inactive,Product Director,555-0284
003XX000004DGu6QAG,Connor,Powell,connor.powell@saascompany.com,001XX000003DGg9QAG,Active,Engineering VP,555-0285
003XX000004DGu7QAG,Aurora,Holmes,aurora.holmes@saascompany.com,001XX000003DGg9QAG,Active,Customer Success Director,555-0286
003XX000004DGu8QAG,Easton,Watson,easton.watson@saascompany.com,001XX000003DGg9QAG,Active,Sales VP,555-0287
003XX000004DGu9QAG,Caroline,Morgan,caroline.morgan@chemical.com,001XX000003DGh0QAG,Inactive,Plant Manager,555-0288
003XX000004DGv0QAG,Grayson,Ferguson,grayson.ferguson@chemical.com,001XX000003DGh0QAG,Active,Operations Director,555-0289
003XX000004DGv1QAG,Genesis,Russell,genesis.russell@hedgefund.com,001XX000003DGh1QAG,Active,Portfolio Manager,555-0290
003XX000004DGv2QAG,Hudson,Gilbert,hudson.gilbert@hedgefund.com,001XX000003DGh1QAG,Active,Analyst,555-0291
003XX000004DGv3QAG,Emilia,Coleman,emilia.coleman@hedgefund.com,001XX000003DGh1QAG,Active,Trader,555-0292
003XX000004DGv4QAG,Lincoln,Hamilton,lincoln.hamilton@hedgefund.com,001XX000003DGh1QAG,Active,Risk Director,555-0293
003XX000004DGv5QAG,Kennedy,Stevens,kennedy.stevens@rehabilitation.com,001XX000003DGh2QAG,Active,Clinical Director,555-0294
003XX000004DGv6QAG,Jaxon,Simpson,jaxon.simpson@rehabilitation.com,001XX000003DGh2QAG,Active,Program Manager,555-0295
003XX000004DGv7QAG,Willow,Carter,willow.carter@rehabilitation.com,001XX000003DGh2QAG,Active,Operations Manager,555-0296
003XX000004DGv8QAG,Colton,Fox,colton.fox@mobilesoftware.com,001XX000003DGh3QAG,Inactive,Engineering Director,555-0297
003XX000004DGv9QAG,Audrey,Graham,audrey.graham@mobilesoftware.com,001XX000003DGh3QAG,Active,Product Lead,555-0298
003XX000004DGw0QAG,Wyatt,Patterson,wyatt.patterson@mobilesoftware.com,001XX000003DGh3QAG,Active,VP of Engineering,555-0299
003XX000004DGw1QAG,Hazel,Stewart,hazel.stewart@mobilesoftware.com,001XX000003DGh3QAG,Active,UX Director,555-0300
003XX000004DGw2QAG,Nolan,Duncan,nolan.duncan@utilities.com,001XX000003DGh4QAG,Inactive,Operations Manager,555-0301
003XX000004DGw3QAG,Elena,Lawrence,elena.lawrence@utilities.com,001XX000003DGh4QAG,Active,Project Director,555-0302
003XX000004DGw4QAG,Bentley,Carroll,bentley.carroll@investmentfirm.com,001XX000003DGh5QAG,Active,Managing Director,555-0303
003XX000004DGw5QAG,Sarah,Walsh,sarah.walsh@investmentfirm.com,001XX000003DGh5QAG,Active,Investment VP,555-0304
003XX000004DGw6QAG,Silas,Freeman,silas.freeman@investmentfirm.com,001XX000003DGh5QAG,Active,Research Director,555-0305
003XX000004DGw7QAG,Piper,Miles,piper.miles@investmentfirm.com,001XX000003DGh5QAG,Active,Portfolio Analyst,555-0306
003XX000004DGw8QAG,Cooper,Palmer,cooper.palmer@physicaltherapy.com,001XX000003DGh6QAG,Active,Clinical Director,555-0307
003XX000004DGw9QAG,Kinsley,Ryan,kinsley.ryan@physicaltherapy.com,001XX000003DGh6QAG,Active,Operations Manager,555-0308
003XX000004DGx0QAG,Declan,Greene,declan.greene@physicaltherapy.com,001XX000003DGh6QAG,Active,Practice Administrator,555-0309
003XX000004DGx1QAG,Ivy,Hopkins,ivy.hopkins@appdev.com,001XX000003DGh7QAG,Inactive,Engineering Lead,555-0310
003XX000004DGx2QAG,Dominic,Hughes,dominic.hughes@appdev.com,001XX000003DGh7QAG,Active,Technical Director,555-0311
003XX000004DGx3QAG,Naomi,Murray,naomi.murray@appdev.com,001XX000003DGh7QAG,Active,Product Manager,555-0312
003XX000004DGx4QAG,Gavin,Foster,gavin.foster@appdev.com,001XX000003DGh7QAG,Active,QA Manager,555-0313
003XX000004DGx5QAG,Delilah,Crawford,delilah.crawford@transportation.com,001XX000003DGh8QAG,Inactive,Logistics Manager,555-0314
003XX000004DGx6QAG,Josiah,Warren,josiah.warren@transportation.com,001XX000003DGh8QAG,Active,Operations Director,555-0315
003XX000004DGx7QAG,Serenity,Hunter,serenity.hunter@bankholdings.com,001XX000003DGh9QAG,Active,Executive VP,555-0316
003XX000004DGx8QAG,Miles,Fox,miles.fox@bankholdings.com,001XX000003DGh9QAG,Active,Regional President,555-0317
003XX000004DGx9QAG,Lydia,Riley,lydia.riley@bankholdings.com,001XX000003DGh9QAG,Active,Chief Operating Officer,555-0318
003XX000004DGy0QAG,Sawyer,Mills,sawyer.mills@bankholdings.com,001XX000003DGh9QAG,,Risk Director,555-0319
003XX000004DGy1QAG,Quinn,Shaw,quinn.shaw@emergencymedicine.com,001XX000003DGi0QAG,Active,Medical Director,555-0320
003XX000004DGy2QAG,Ezra,Coleman,ezra.coleman@emergencymedicine.com,001XX000003DGi0QAG,Active,Operations Manager,555-0321
003XX000004DGy3QAG,Vivian,Price,vivian.price@emergencymedicine.com,001XX000003DGi0QAG,Active,Clinical Coordinator,555-0322
003XX000004DGy4QAG,Axel,Washington,axel.washington@emergencymedicine.com,001XX000003DGi0QAG,Active,Program Director,555-0323
003XX000004DGy5QAG,Ruby,Campbell,ruby.campbell@datacenters.com,001XX000003DGi1QAG,Inactive,Facilities Manager,555-0324
003XX000004DGy6QAG,Jameson,Tucker,jameson.tucker@datacenters.com,001XX000003DGi1QAG,Active,Operations VP,555-0325
003XX000004DGy7QAG,Clara,Knight,clara.knight@datacenters.com,001XX000003DGi1QAG,Active,Technical Director,555-0326
003XX000004DGy8QAG,Greyson,Dixon,greyson.dixon@datacenters.com,001XX000003DGi1QAG,Active,Infrastructure Manager,555-0327
003XX000004DGy9QAG,Melody,Perry,melody.perry@advisory.com,001XX000003DGi2QAG,Active,Senior Consultant,555-0328
003XX000004DGz0QAG,Kai,Howard,kai.howard@advisory.com,001XX000003DGi2QAG,Active,Practice Director,555-0329
003XX000004DGz1QAG,Reagan,Gibson,reagan.gibson@advisory.com,001XX000003DGi2QAG,Active,Engagement Lead,555-0330
003XX000004DGz2QAG,Beckett,Ward,beckett.ward@creditcard.com,001XX000003DGi3QAG,Inactive,Product Director,555-0331
003XX000004DGz3QAG,Adalynn,Cole,adalynn.cole@creditcard.com,001XX000003DGi3QAG,Active,Marketing VP,555-0332
003XX000004DGz4QAG,Knox,Ross,knox.ross@creditcard.com,001XX000003DGi3QAG,Active,Operations Manager,555-0333
003XX000004DGz5QAG,Ellie,Sanders,ellie.sanders@creditcard.com,001XX000003DGi3QAG,Active,Customer Service Director,555-0334
003XX000004DGz6QAG,Rowan,Pierce,rowan.pierce@genomics.com,001XX000003DGi4QAG,Active,Research Director,555-0335
003XX000004DGz7QAG,Brielle,Dixon,brielle.dixon@genomics.com,001XX000003DGi4QAG,Active,Lab Operations Manager,555-0336
003XX000004DGz8QAG,Jude,Hamilton,jude.hamilton@genomics.com,001XX000003DGi4QAG,Active,Bioinformatics Lead,555-0337
003XX000004DGz9QAG,Mila,Burton,mila.burton@genomics.com,001XX000003DGi4QAG,Active,Clinical Manager,555-0338
003XX000004DH00QAG,Cole,Armstrong,cole.armstrong@realestatedev.com,001XX000003DGi5QAG,Inactive,Development Manager,555-0339
003XX000004DH01QAG,Valentina,Gardner,valentina.gardner@realestatedev.com,001XX000003DGi5QAG,Active,Project Director,555-0340
003XX000004DH02QAG,Mateo,Berry,mateo.berry@mortgagebank.com,001XX000003DGi6QAG,Active,Lending Director,555-0341
003XX000004DH03QAG,Athena,Harvey,athena.harvey@mortgagebank.com,001XX000003DGi6QAG,Active,Operations Manager,555-0342
003XX000004DH04QAG,Blake,Murray,blake.murray@mortgagebank.com,001XX000003DGi6QAG,Active,Underwriting Manager,555-0343
003XX000004DH05QAG,Emery,Wells,emery.wells@mortgagebank.com,001XX000003DGi6QAG,Active,Compliance Director,555-0344
003XX000004DH06QAG,Maddox,Hudson,maddox.hudson@mentalhealth.com,001XX000003DGi7QAG,Active,Clinical Director,555-0345
003XX000004DH07QAG,Iris,Graham,iris.graham@mentalhealth.com,001XX000003DGi7QAG,Active,Program Manager,555-0346
003XX000004DH08QAG,Ryder,Lynch,ryder.lynch@mentalhealth.com,001XX000003DGi7QAG,Active,Operations Coordinator,555-0347
003XX000004DH09QAG,Everly,Bishop,everly.bishop@grocerychain.com,001XX000003DGi8QAG,Inactive,Store Manager,555-0348
003XX000004DH10QAG,River,George,river.george@grocerychain.com,001XX000003DGi8QAG,Active,Regional Manager,555-0349
003XX000004DH11QAG,Jade,Spencer,jade.spencer@grocerychain.com,001XX000003DGi8QAG,Active,Operations Director,555-0350
003XX000004DH12QAG,Roman,Palmer,roman.palmer@grocerychain.com,001XX000003DGi8QAG,Active,Supply Chain Manager,555-0351
003XX000004DH13QAG,Faith,Greene,faith.greene@blockchain.com,001XX000003DGi9QAG,Active,Technology Director,555-0352
003XX000004DH14QAG,Maximus,Hopkins,maximus.hopkins@blockchain.com,001XX000003DGi9QAG,Active,Engineering Lead,555-0353
003XX000004DH15QAG,Mya,Crawford,mya.crawford@blockchain.com,001XX000003DGi9QAG,Active,Product Manager,555-0354
003XX000004DH16QAG,Braxton,Cole,braxton.cole@blockchain.com,001XX000003DGi9QAG,Active,Security Manager,555-0355
003XX000004DH17QAG,Alina,Ross,alina.ross@electricvehicles.com,001XX000003DGj0QAG,Inactive,Engineering Director,555-0356
003XX000004DH18QAG,Bryson,Murphy,bryson.murphy@electricvehicles.com,001XX000003DGj0QAG,Active,Manufacturing VP,555-0357
003XX000004DH19QAG,Mackenzie,Stevens,mackenzie.stevens@electricvehicles.com,001XX000003DGj0QAG,Active,Supply Chain Director,555-0358
003XX000004DH20QAG,Gael,Reynolds,gael.reynolds@electricvehicles.com,001XX000003DGj0QAG,Active,Quality Manager,555-0359
003XX000004DH21QAG,Teagan,Foster,teagan.foster@paymentprocessing.com,001XX000003DGj1QAG,Active,Technology VP,555-0360
003XX000004DH22QAG,Weston,Jordan,weston.jordan@paymentprocessing.com,001XX000003DGj1QAG,Active,Operations Director,555-0361
003XX000004DH23QAG,Gemma,Wallace,gemma.wallace@paymentprocessing.com,001XX000003DGj1QAG,Active,Security Director,555-0362
003XX000004DH24QAG,Antonio,Chapman,antonio.chapman@urgentcare.com,001XX000003DGj2QAG,Inactive,Medical Director,555-0363
003XX000004DH25QAG,Mariana,Reed,mariana.reed@urgentcare.com,001XX000003DGj2QAG,Active,Operations Manager,555-0364
003XX000004DH26QAG,Santiago,Palmer,santiago.palmer@urgentcare.com,001XX000003DGj2QAG,Active,Clinical Coordinator,555-0365
003XX000004DH27QAG,Esther,Griffin,esther.griffin@urgentcare.com,001XX000003DGj2QAG,Active,Practice Administrator,555-0366
003XX000004DH28QAG,Micah,Butler,micah.butler@quantumcomputing.com,001XX000003DGj3QAG,Active,Research Director,555-0367
003XX000004DH29QAG,Angelina,Barnes,angelina.barnes@quantumcomputing.com,001XX000003DGj3QAG,Active,Engineering Lead,555-0368
003XX000004DH30QAG,Ashton,Powell,ashton.powell@quantumcomputing.com,001XX000003DGj3QAG,Active,Systems Architect,555-0369
003XX000004DH31QAG,Raelynn,Ferguson,raelynn.ferguson@quantumcomputing.com,001XX000003DGj3QAG,Active,Program Manager,555-0370
003XX000004DH32QAG,Tucker,Holmes,tucker.holmes@clothingretail.com,001XX000003DGj4QAG,Inactive,Store Director,555-0371
003XX000004DH33QAG,Juliette,Ward,juliette.ward@clothingretail.com,001XX000003DGj4QAG,Active,Regional Manager,555-0372
003XX000004DH34QAG,Tanner,Morris,tanner.morris@privatebank.com,001XX000003DGj5QAG,Active,Relationship Manager,555-0373
003XX000004DH35QAG,Annabelle,Fisher,annabelle.fisher@privatebank.com,001XX000003DGj5QAG,Active,Investment Advisor,555-0374
003XX000004DH36QAG,Emmanuel,Shaw,emmanuel.shaw@privatebank.com,001XX000003DGj5QAG,Active,Client Services Director,555-0375
003XX000004DH37QAG,Camila,Hunt,camila.hunt@privatebank.com,001XX000003DGj5QAG,,Portfolio Manager,555-0376
003XX000004DH38QAG,Rylan,Jenkins,rylan.jenkins@oncology.com,001XX000003DGj6QAG,Active,Medical Director,555-0377
003XX000004DH39QAG,Leilani,Palmer,leilani.palmer@oncology.com,001XX000003DGj6QAG,Active,Clinical Manager,555-0378
003XX000004DH40QAG,Damian,Knight,damian.knight@oncology.com,001XX000003DGj6QAG,Active,Research Coordinator,555-0379
003XX000004DH41QAG,Journee,Howard,journee.howard@oncology.com,001XX000003DGj6QAG,Active,Patient Services Director,555-0380
003XX000004DH42QAG,Crew,Gibson,crew.gibson@gamingtech.com,001XX000003DGj7QAG,Inactive,Game Director,555-0381
003XX000004DH43QAG,Amaya,Cole,amaya.cole@gamingtech.com,001XX000003DGj7QAG,Active,Product Lead,555-0382
003XX000004DH44QAG,Marcus,Wells,marcus.wells@gamingtech.com,001XX000003DGj7QAG,Active,Engineering Manager,555-0383
003XX000004DH45QAG,Ariana,Dixon,ariana.dixon@gamingtech.com,001XX000003DGj7QAG,Active,Creative Director,555-0384
003XX000004DH46QAG,King,Coleman,king.coleman@foodprocessing.com,001XX000003DGj8QAG,Inactive,Plant Manager,555-0385
003XX000004DH47QAG,Sabrina,Reynolds,sabrina.reynolds@foodprocessing.com,001XX000003DGj8QAG,Active,Operations Director,555-0386
003XX000004DH48QAG,Kameron,Foster,kameron.foster@assetmanagers.com,001XX000003DGj9QAG,Active,Managing Director,555-0387
003XX000004DH49QAG,Ainsley,Graham,ainsley.graham@assetmanagers.com,001XX000003DGj9QAG,Active,Investment Director,555-0388
003XX000004DH50QAG,Apollo,Murphy,apollo.murphy@assetmanagers.com,001XX000003DGj9QAG,Active,Portfolio Lead,555-0389
003XX000004DH51QAG,Kali,Richardson,kali.richardson@assetmanagers.com,001XX000003DGj9QAG,Active,Client Manager,555-0390
003XX000004DH52QAG,Enzo,Walsh,enzo.walsh@medicalimaging.com,001XX000003DGk0QAG,Active,Radiology Director,555-0391
003XX000004DH53QAG,Remi,Harper,remi.harper@medicalimaging.com,001XX000003DGk0QAG,Active,Operations Manager,555-0392
003XX000004DH54QAG,Dash,Burton,dash.burton@medicalimaging.com,001XX000003DGk0QAG,Active,Technical Manager,555-0393
003XX000004DH55QAG,Kamila,Ferguson,kamila.ferguson@energytech.com,001XX000003DGk1QAG,Inactive,Engineering Director,555-0394
003XX000004DH56QAG,Ezekiel,Holmes,ezekiel.holmes@energytech.com,001XX000003DGk1QAG,Active,Project Manager,555-0395
003XX000004DH57QAG,Mabel,Warren,mabel.warren@energytech.com,001XX000003DGk1QAG,Active,Operations Lead,555-0396
003XX000004DH58QAG,Lionel,Hunt,lionel.hunt@energytech.com,001XX000003DGk1QAG,Active,Systems Engineer,555-0397
003XX000004DH59QAG,Khloe,Palmer,khloe.palmer@wealthmanagement.com,001XX000003DGk2QAG,Active,Managing Partner,555-0398
003XX000004DH60QAG,Titan,Coleman,titan.coleman@wealthmanagement.com,001XX000003DGk2QAG,Active,Investment Director,555-0399
003XX000004DH61QAG,Celeste,Gibson,celeste.gibson@wealthmanagement.com,001XX000003DGk2QAG,Active,Client Services Manager,555-0400
003XX000004DH62QAG,Kyrie,Foster,kyrie.foster@wealthmanagement.com,001XX000003DGk2QAG,Active,Portfolio Manager,555-0401
003XX000004DH63QAG,Daniela,Reynolds,daniela.reynolds@renewableenergy.com,001XX000003DGk3QAG,Inactive,Project Director,555-0402
003XX000004DH64QAG,Zayn,Murray,zayn.murray@renewableenergy.com,001XX000003DGk3QAG,Active,Engineering Manager,555-0403
003XX000004DH65QAG,Alivia,Knight,alivia.knight@renewableenergy.com,001XX000003DGk3QAG,Active,Operations Director,555-0404
003XX000004DH66QAG,Lennox,Shaw,lennox.shaw@renewableenergy.com,001XX000003DGk3QAG,Active,Site Manager,555-0405
003XX000004DH67QAG,Juliana,Foster,juliana.foster@familymedicine.com,001XX000003DGk4QAG,Active,Medical Director,555-0406
003XX000004DH68QAG,Aziel,Hamilton,aziel.hamilton@familymedicine.com,001XX000003DGk4QAG,Active,Practice Administrator,555-0407
003XX000004DH69QAG,Rosalie,Dixon,rosalie.dixon@familymedicine.com,001XX000003DGk4QAG,Active,Operations Manager,555-0408
003XX000004DH70QAG,Jax,Collins,jax.collins@familymedicine.com,001XX000003DGk4QAG,Active,Clinical Coordinator,555-0409
003XX000004DH71QAG,Amara,Stevens,amara.stevens@digitaladvertising.com,001XX000003DGk5QAG,Inactive,Creative Director,555-0410
003XX000004DH72QAG,Boston,Palmer,boston.palmer@digitaladvertising.com,001XX000003DGk5QAG,Active,Account Director,555-0411
003XX000004DH73QAG,Nyla,Reed,nyla.reed@digitaladvertising.com,001XX000003DGk5QAG,Active,Strategy Lead,555-0412
003XX000004DH74QAG,Milan,Warren,milan.warren@digitaladvertising.com,001XX000003DGk5QAG,Active,Media Director,555-0413
003XX000004DH75QAG,Ember,Bryant,ember.bryant@medicaldevicetech.com,001XX000003DGk6QAG,Active,VP of Engineering,555-0414
003XX000004DH76QAG,Arlo,Coleman,arlo.coleman@medicaldevicetech.com,001XX000003DGk6QAG,Active,Regulatory Affairs Director,555-0415
003XX000004DH77QAG,Freya,Gibson,freya.gibson@medicaldevicetech.com,001XX000003DGk6QAG,Active,Quality Manager,555-0416
003XX000004DH78QAG,Cannon,Foster,cannon.foster@medicaldevicetech.com,001XX000004DGk6QAG,Active,Product Development Lead,555-0417
003XX000004DH79QAG,Raegan,Murphy,raegan.murphy@creditservices.com,001XX000003DGk7QAG,Inactive,Operations Manager,555-0418
003XX000004DH80QAG,Colt,Reynolds,colt.reynolds@creditservices.com,001XX000003DGk7QAG,Active,Collections Director,555-0419
003XX000004DH81QAG,Hallie,Dixon,hallie.dixon@technologyconsulting.com,001XX000003DGk8QAG,Active,Principal Consultant,555-0420
003XX000004DH82QAG,Kade,Palmer,kade.palmer@technologyconsulting.com,001XX000003DGk8QAG,Active,Practice Director,555-0421
003XX000004DH83QAG,Averie,Knight,averie.knight@technologyconsulting.com,001XX000003DGk8QAG,Active,Engagement Manager,555-0422
003XX000004DH84QAG,Anders,Murphy,anders.murphy@technologyconsulting.com,001XX000003DGk8QAG,Active,Solutions Architect,555-0423
003XX000004DH85QAG,Kalani,Collins,kalani.collins@cardiology.com,001XX000003DGk9QAG,Active,Cardiology Director,555-0424
003XX000004DH86QAG,Beau,Stewart,beau.stewart@cardiology.com,001XX000003DGk9QAG,Active,Clinical Manager,555-0425
003XX000004DH87QAG,Oakley,Warren,oakley.warren@cardiology.com,001XX000003DGk9QAG,Active,Nursing Director,555-0426
003XX000004DH88QAG,Legacy,Foster,legacy.foster@cardiology.com,001XX000003DGk9QAG,Active,Operations Coordinator,555-0