customer_id,first_name,last_name,email,phone,address,city,state,zip_code,registration_date,account_status,loyalty_points
1001,John,Smith,john.smith@example.com,(555) 123-4567,123 Main St,Springfield,IL,62701,2020-03-15,active,2450
1002,Jane,Doe,jane.doe@example.com,(555) 234-5678,456 Oak Ave,Portland,OR,97201,2021-07-22,active,3120
1003,Michael,Johnson,michael.johnson@example.com,(555) 345-6789,789 Pine Rd,Austin,TX,78701,2020-11-08,active,1875
1004,Emily,Williams,emily.williams@example.com,(555) 456-7890,321 Elm St,Seattle,WA,98101,2022-01-14,inactive,450
1005,David,Brown,david.brown@example.com,(555) 567-8901,654 Maple Dr,Boston,MA,02101,2020-05-20,active,4200
1006,Sarah,Jones,sarah.jones@example.com,(555) 678-9012,987 Cedar Ln,Denver,CO,80201,2021-09-03,active,2890
1007,Robert,Garcia,robert.garcia@example.com,(555) 789-0123,147 Birch Ct,Phoenix,AZ,85001,2022-06-11,suspended,0
1008,Lisa,Martinez,lisa.martinez@example.com,(555) 890-1234,258 Spruce Way,Miami,FL,33101,2020-12-25,active,3650
1009,James,Rodriguez,james.rodriguez@example.com,(555) 901-2345,369 Willow Blvd,Atlanta,GA,30301,2021-03-30,active,1920
1010,Maria,Davis,maria.davis@example.com,(555) 012-3456,741 Ash Ave,Chicago,IL,60601,2022-08-17,active,2340
1011,William,Lopez,william.lopez@example.com,(555) 123-4568,852 Poplar St,Detroit,MI,48201,2020-02-09,inactive,780
1012,Jennifer,Wilson,jennifer.wilson@example.com,(555) 234-5679,963 Hickory Rd,Nashville,TN,37201,2021-11-22,active,4850
1013,Christopher,Anderson,christopher.anderson@example.com,(555) 345-6780,159 Walnut Dr,Minneapolis,MN,55401,2022-04-05,active,1560
1014,Amanda,Taylor,amanda.taylor@example.com,(555) 456-7891,357 Chestnut Ln,Philadelphia,PA,19101,2020-07-18,active,3290
1015,Daniel,Thomas,daniel.thomas@example.com,(555) 567-8902,486 Sycamore Ct,San Diego,CA,92101,2021-12-01,suspended,120
1016,Jessica,Moore,jessica.moore@example.com,(555) 678-9013,753 Magnolia Way,Las Vegas,NV,89101,2022-02-28,active,2670
1017,Matthew,Jackson,matthew.jackson@example.com,(555) 789-0124,951 Dogwood Blvd,Charlotte,NC,28201,2020-10-12,active,4125
1018,Ashley,White,ashley.white@example.com,(555) 890-1235,159 Redwood Ave,Indianapolis,IN,46201,2021-05-07,inactive,920
1019,Joshua,Harris,joshua.harris@example.com,(555) 901-2346,357 Cypress St,Columbus,OH,43201,2022-09-19,active,1785
1020,Brittany,Martin,brittany.martin@example.com,(555) 012-3457,486 Juniper Rd,San Jose,CA,95101,2020-04-23,active,3510
1021,Andrew,Thompson,andrew.thompson@example.com,(555) 123-4569,753 Beech Dr,Dallas,TX,75201,2021-08-14,active,2105
1022,Megan,Garcia,megan.garcia@example.com,(555) 234-5670,951 Fir Ln,Houston,TX,77001,2022-03-26,active,1435
1023,Ryan,Martinez,ryan.martinez@example.com,(555) 345-6781,159 Hemlock Ct,Jacksonville,FL,32099,2020-09-30,suspended,0
1024,Samantha,Robinson,samantha.robinson@example.com,(555) 456-7892,357 Alder Way,San Francisco,CA,94101,2021-01-11,active,4680
1025,Nicholas,Clark,nicholas.clark@example.com,(555) 567-8903,486 Cottonwood Blvd,Fort Worth,TX,76101,2022-07-04,active,2920
1026,Lauren,Lewis,lauren.lewis@example.com,(555) 678-9014,753 Basswood Ave,Milwaukee,WI,53201,2020-06-16,active,3840
1027,Brandon,Lee,brandon.lee@example.com,(555) 789-0125,951 Locust St,El Paso,TX,79901,2021-10-28,inactive,640
1028,Stephanie,Walker,stephanie.walker@example.com,(555) 890-1236,159 Ironwood Rd,Memphis,TN,38101,2022-05-09,active,1995
1029,Justin,Hall,justin.hall@example.com,(555) 901-2347,357 Buckeye Dr,Baltimore,MD,21201,2020-08-21,active,2780
1030,Rachel,Allen,rachel.allen@example.com,(555) 012-3458,486 Laurel Ln,Albuquerque,NM,87101,2021-02-15,active,3365
1031,Tyler,Young,tyler.young@example.com,(555) 123-4560,753 Mesquite Ct,Tucson,AZ,85701,2022-11-03,active,1210
1032,Nicole,King,nicole.king@example.com,(555) 234-5671,951 Pinyon Way,Fresno,CA,93701,2020-01-07,suspended,45
1033,Kevin,Wright,kevin.wright@example.com,(555) 345-6782,159 Sequoia Blvd,Sacramento,CA,94201,2021-06-19,active,4390
1034,Amber,Scott,amber.scott@example.com,(555) 456-7893,357 Yew Ave,Long Beach,CA,90801,2022-10-02,active,2555
1035,Eric,Torres,eric.torres@example.com,(555) 567-8904,486 Myrtle St,Kansas City,MO,64101,2020-12-14,active,3075
1036,Heather,Nguyen,heather.nguyen@example.com,(555) 678-9015,753 Azalea Rd,Mesa,AZ,85201,2021-04-27,inactive,895
1037,Aaron,Hill,aaron.hill@example.com,(555) 789-0126,951 Camellia Dr,Virginia Beach,VA,23451,2022-08-08,active,1640
1038,Michelle,Flores,michelle.flores@example.com,(555) 890-1237,159 Gardenia Ln,Atlanta,GA,30302,2020-03-01,active,4915
1039,Jason,Green,jason.green@example.com,(555) 901-2348,357 Jasmine Ct,Oakland,CA,94601,2021-07-13,active,2185
1040,Melissa,Adams,melissa.adams@example.com,(555) 012-3459,486 Lilac Way,Omaha,NE,68101,2022-01-25,active,1520
1041,Jacob,Baker,jacob.baker@example.com,(555) 123-4561,753 Orchid Blvd,Tulsa,OK,74101,2020-11-06,suspended,230
1042,Amy,Gonzalez,amy.gonzalez@example.com,(555) 234-5672,951 Peony Ave,Minneapolis,MN,55402,2021-09-18,active,3425
1043,Zachary,Nelson,zachary.nelson@example.com,(555) 345-6783,159 Rose St,Wichita,KS,67201,2022-04-30,active,2815
1044,Christina,Carter,christina.carter@example.com,(555) 456-7894,357 Tulip Rd,Arlington,TX,76010,2020-05-12,active,4260
1045,Jonathan,Mitchell,jonathan.mitchell@example.com,(555) 567-8905,486 Violet Dr,New Orleans,LA,70112,2021-12-24,active,1895
1046,Rebecca,Perez,rebecca.perez@example.com,(555) 678-9016,753 Sunflower Ln,Cleveland,OH,44101,2022-06-06,inactive,745
1047,Austin,Roberts,austin.roberts@example.com,(555) 789-0127,951 Daisy Ct,Tampa,FL,33601,2020-10-18,active,3590
1048,Kayla,Turner,kayla.turner@example.com,(555) 890-1238,159 Marigold Way,Bakersfield,CA,93301,2021-03-02,active,2465
1049,Kyle,Phillips,kyle.phillips@example.com,(555) 901-2349,357 Zinnia Blvd,Aurora,CO,80010,2022-07-14,active,1325
1050,Victoria,Campbell,victoria.campbell@example.com,(555) 012-3450,486 Pansy Ave,Anaheim,CA,92801,2020-02-26,suspended,0
1051,Jordan,Parker,jordan.parker@example.com,(555) 123-4562,753 Carnation St,Honolulu,HI,96801,2021-08-08,active,4575
1052,Danielle,Evans,danielle.evans@example.com,(555) 234-5673,951 Daffodil Rd,Santa Ana,CA,92701,2022-02-19,active,2135
1053,Dylan,Edwards,dylan.edwards@example.com,(555) 345-6784,159 Hyacinth Dr,Riverside,CA,92501,2020-07-03,active,3710
1054,Alexis,Collins,alexis.collins@example.com,(555) 456-7895,357 Iris Ln,Corpus Christi,TX,78401,2021-11-15,active,1685
1055,Nathan,Stewart,nathan.stewart@example.com,(555) 567-8906,486 Lavender Ct,Lexington,KY,40501,2022-05-28,active,2950
1056,Courtney,Sanchez,courtney.sanchez@example.com,(555) 678-9017,753 Poppy Way,Pittsburgh,PA,15201,2020-09-09,inactive,515
1057,Gregory,Morris,gregory.morris@example.com,(555) 789-0128,951 Primrose Blvd,Anchorage,AK,99501,2021-01-21,active,4105
1058,Taylor,Rogers,taylor.rogers@example.com,(555) 890-1239,159 Bluebell Ave,Stockton,CA,95201,2022-09-03,active,2380
1059,Katherine,Reed,katherine.reed@example.com,(555) 901-2340,357 Clover St,Cincinnati,OH,45201,2020-04-15,active,3245
1060,Sean,Cook,sean.cook@example.com,(555) 012-3451,486 Buttercup Rd,St. Paul,MN,55101,2021-10-27,active,1770
1061,Hannah,Morgan,hannah.morgan@example.com,(555) 123-4563,753 Fern Dr,Toledo,OH,43601,2022-03-10,suspended,95
1062,Adam,Bell,adam.bell@example.com,(555) 234-5674,951 Ivy Ln,Newark,NJ,07101,2020-06-22,active,4445
1063,Laura,Murphy,laura.murphy@example.com,(555) 345-6785,159 Moss Ct,Greensboro,NC,27401,2021-12-04,active,2625
1064,Cody,Bailey,cody.bailey@example.com,(555) 456-7896,357 Sage Way,Plano,TX,75023,2022-08-16,active,1490
1065,Olivia,Rivera,olivia.rivera@example.com,(555) 567-8907,486 Thyme Blvd,Lincoln,NE,68501,2020-11-28,active,3880
1066,Jeremy,Cooper,jeremy.cooper@example.com,(555) 678-9018,753 Basil Ave,Orlando,FL,32801,2021-05-11,inactive,820
1067,Emma,Richardson,emma.richardson@example.com,(555) 789-0129,951 Parsley St,Chula Vista,CA,91910,2022-01-23,active,2095
1068,Timothy,Cox,timothy.cox@example.com,(555) 890-1230,159 Mint Rd,Irvine,CA,92602,2020-08-05,active,4730
1069,Erin,Howard,erin.howard@example.com,(555) 901-2341,357 Rosemary Dr,Laredo,TX,78040,2021-02-16,active,1935
1070,Bradley,Ward,bradley.ward@example.com,(555) 012-3452,486 Dill Ln,Durham,NC,27701,2022-06-29,active,3165
1071,Andrea,Torres,andrea.torres@example.com,(555) 123-4564,753 Chive Ct,Lubbock,TX,79401,2020-10-11,suspended,175
1072,Patrick,Peterson,patrick.peterson@example.com,(555) 234-5675,951 Cilantro Way,St. Petersburg,FL,33701,2021-04-24,active,4290
1073,Madison,Gray,madison.gray@example.com,(555) 345-6786,159 Oregano Blvd,Reno,NV,89501,2022-11-06,active,2755
1074,Steven,Ramirez,steven.ramirez@example.com,(555) 456-7897,357 Bay Ave,Winston-Salem,NC,27101,2020-01-18,active,3520
1075,Morgan,James,morgan.james@example.com,(555) 567-8908,486 Nutmeg St,Scottsdale,AZ,85250,2021-07-01,active,1805
1076,Marcus,Watson,marcus.watson@example.com,(555) 678-9019,753 Ginger Rd,Garland,TX,75040,2022-02-12,inactive,665
1077,Tiffany,Brooks,tiffany.brooks@example.com,(555) 789-0120,951 Pepper Dr,Boise,ID,83701,2020-05-26,active,4565
1078,Cynthia,Kelly,cynthia.kelly@example.com,(555) 890-1231,159 Vanilla Ln,Irving,TX,75060,2021-09-07,active,2210
1079,Alexander,Sanders,alexander.sanders@example.com,(555) 901-2342,357 Cinnamon Ct,Chesapeake,VA,23320,2022-03-21,active,1420
1080,Chelsea,Price,chelsea.price@example.com,(555) 012-3453,486 Honey Way,North Las Vegas,NV,89030,2020-12-03,suspended,310
1081,Jesse,Bennett,jesse.bennett@example.com,(555) 123-4565,753 Maple Blvd,Fremont,CA,94536,2021-06-15,active,3975
1082,Whitney,Wood,whitney.wood@example.com,(555) 234-5676,951 Sugar Ave,Gilbert,AZ,85233,2022-10-28,active,2540
1083,Edward,Barnes,edward.barnes@example.com,(555) 345-6787,159 Salt St,Glendale,AZ,85301,2020-03-12,active,4190
1084,Natalie,Ross,natalie.ross@example.com,(555) 456-7898,357 Lemon Rd,Hialeah,FL,33010,2021-11-24,active,1650
1085,Travis,Henderson,travis.henderson@example.com,(555) 567-8909,486 Lime Dr,Arlington,VA,22201,2022-07-07,inactive,930
1086,Allison,Coleman,allison.coleman@example.com,(555) 678-9010,753 Orange Ln,Spokane,WA,99201,2020-09-19,active,3405
1087,Lucas,Jenkins,lucas.jenkins@example.com,(555) 789-0121,951 Berry Ct,Norfolk,VA,23501,2021-01-31,active,2845
1088,Kristen,Perry,kristen.perry@example.com,(555) 890-1232,159 Cherry Way,Chandler,AZ,85224,2022-08-13,active,1565
1089,Ethan,Powell,ethan.powell@example.com,(555) 901-2343,357 Peach Blvd,Raleigh,NC,27601,2020-02-24,suspended,0
1090,Julie,Long,julie.long@example.com,(555) 012-3454,486 Plum Ave,San Bernardino,CA,92401,2021-08-06,active,4825
1091,Cameron,Patterson,cameron.patterson@example.com,(555) 123-4566,753 Apple St,Baton Rouge,LA,70801,2022-04-19,active,2295
1092,Erica,Hughes,erica.hughes@example.com,(555) 234-5677,951 Pear Rd,Spokane Valley,WA,99206,2020-06-01,active,3680
1093,Derek,Flores,derek.flores@example.com,(555) 345-6788,159 Grape Dr,Tacoma,WA,98401,2021-10-13,active,1745
1094,Kimberly,Washington,kimberly.washington@example.com,(555) 456-7899,357 Fig Ln,Fontana,CA,92331,2022-05-26,active,2985
1095,Connor,Butler,connor.butler@example.com,(555) 567-8900,486 Date Ct,Modesto,CA,95350,2020-11-08,inactive,590
1096,Cassandra,Simmons,cassandra.simmons@example.com,(555) 678-9011,753 Apricot Way,Des Moines,IA,50301,2021-03-22,active,4350
1097,Trevor,Foster,trevor.foster@example.com,(555) 789-0122,951 Kiwi Blvd,Moreno Valley,CA,92551,2022-09-04,active,2620
1098,Vanessa,Gonzales,vanessa.gonzales@example.com,(555) 890-1233,159 Mango Ave,Fayetteville,NC,28301,2020-04-16,active,3295
1099,Seth,Bryant,seth.bryant@example.com,(555) 901-2344,357 Banana St,Glendale,CA,91201,2021-12-29,active,1880
1100,Miranda,Alexander,miranda.alexander@example.com,(555) 012-3455,486 Coconut Rd,Huntington Beach,CA,92646,2022-06-11,active,2425