name,email,address,phone,age
John Smith,john.smith@email.com,123 Main Street,555-123-4567,32
Mary Johnson,mary.j@gmail.com,456 Oak Avenue Apt 2,555-234-5678,28
Robert Williams,rwilliams@company.com,789 Pine Road,555-345-6789,45
Patricia Brown,pat.brown@email.com,321 Elm Street,555-456-7890,37
Michael Davis,mdavis@work.com,654 Maple Drive,555-567-8901,41
Linda Miller,linda.miller@email.com,987 Cedar Lane,555-678-9012,29
James Wilson,jwilson@company.com,147 Birch Avenue,555-789-0123,52
Barbara Moore,bmoore@email.com,258 Spruce Street,555-890-1234,33
David Taylor,dtaylor@work.com,369 Walnut Road,555-901-2345,38
Jennifer Anderson,janderson@email.com,741 Cherry Lane,555-012-3456,27
Richard Thomas,rthomas@company.com,852 Ash Drive,555-123-4568,49
Susan Jackson,sjackson@email.com,963 Poplar Street,555-234-5679,31
Joseph White,jwhite@work.com,159 Hickory Avenue,555-345-6780,44
Jessica Harris,jharris@email.com,267 Willow Road,555-456-7891,26
Thomas Martin,tmartin@company.com,378 Sycamore Lane,555-567-8902,36
Sarah Thompson,sthompson@email.com,489 Magnolia Drive,555-678-9013,30
Charles Garcia,cgarcia@work.com,591 Dogwood Street,555-789-0124,47
Nancy Martinez,nmartinez@email.com,613 Redwood Avenue,555-890-1235,34
Daniel Robinson,drobinson@company.com,724 Cypress Road,555-901-2346,40
Karen Clark,kclark@email.com,835 Juniper Lane,555-012-3457,29
Matthew Rodriguez,mrodriguez@work.com,946 Fir Drive,555-123-4569,43
Betty Lewis,blewis@email.com,157 Beech Street,555-234-5670,35
Paul Lee,plee@company.com,268 Alder Avenue,555-345-6781,39
Donald Walker,dwalker@email.com,379 Cottonwood Road,555-456-7892,46
Lisa Hall,lhall@work.com,481 Hemlock Lane,555-567-8903,28
Mark Allen,mallen@email.com,592 Linden Drive,555-678-9014,42
Sandra Young,syoung@company.com,614 Chestnut Street,555-789-0125,33
Steven Hernandez,shernandez@email.com,725 Laurel Avenue,555-890-1236,37
Dorothy King,dking@work.com,836 Sequoia Road,555-901-2347,31
Dr. Christopher Alexander Montgomery-Williamson III Esquire,christopher.montgomery@email.com,947 Palm Lane,555-012-3458,48
Ashley Wright,ashley.marie.wright@email.com,158 Mesquite Drive,555-123-4560,26
Kevin Lopez,kevin.lopez@work.com,269 Buckeye Street,555-234-5671,41
Emily Hill,emily.rose.hill@company.com,371 Hackberry Avenue,555-345-6782,29
Andrew Scott,andrew.james.scott@email.com,482 Silverbell Road,555-456-7893,44
Michelle Green,michelle.ann.green@work.com,593 Palo Verde Lane,555-567-8904,32
Joshua Adams,joshua.michael.adams@email.com,615 Ironwood Drive,555-678-9015,36
Amanda Baker,amanda.elizabeth.baker@company.com,726 Mesquite Street,555-789-0126,30
Christopher Nelson,chris.nelson@email.com,837 Ocotillo Avenue,555-890-1237,45
Melissa Carter,melissa.carter@work.com,948 Saguaro Road,555-901-2348,28
Brian Mitchell,brian.mitchell@email.com,12345 North Westminster Boulevard Apartment 205B Building C,555-012-3459,38
Rebecca Perez,rebecca.ann.perez@company.com,1678 South Kensington Avenue Suite 304,555-123-4561,33
Edward Roberts,edward.james.roberts@email.com,2891 East Montgomery Street Apartment 12A,555-234-5672,47
Stephanie Turner,stephanie.marie.turner@work.com,3456 West Buckingham Drive Building 7 Unit 203,555-345-6783,31
Jeffrey Phillips,jeffrey.allen.phillips@email.com,4567 North Chamberlain Boulevard Apt 501,555-456-7894,42
Rachel Campbell,rachel.lynn.campbell@company.com,5678 South Wellington Court Suite 102B,555-567-8905,27
Jonathan Parker,jonathan.michael.parker.junior@email.com,6789 East Richmond Avenue Building D,555-678-9016,39
Deborah Evans,deborah.anne.evans@work.com,7890 West Kensington Place Apartment 304A,555-789-0127,35
Ryan Edwards,ryan.thomas.edwards@email.com,8901 North Manchester Drive Suite 205,555-890-1238,41
Kathleen Collins,kathleen.marie.collins@company.com,9012 South Canterbury Lane Building 3,555-901-2349,29
Gary Stewart,gary.william.stewart.senior@email.com,10123 East Winchester Boulevard Apt 402,555-012-3450,46
Angela Sanchez,angela.teresa.sanchez@work.com,11234 West Lexington Street Suite 101C,555-123-4562,34
Nicholas Morris,nicholas.james.morris.the.third@email.com,12345 North Rochester Avenue Building E Unit 506,555-234-5673,40
Shirley Rogers,shirley.ann.rogers@email.com,23456 South Nottingham Drive Apartment 203B,555-345-6784,32
Gregory Reed,gregory.michael.reed@company.com,34567 East Cambridge Court Suite 304A,555-456-7895,48
Anna Cook,anna.marie.cook.jones@work.com,45678 West Oxford Boulevard Building F,555-567-8906,28
Benjamin Morgan,benjamin.franklin.morgan.junior@email.com,56789 North Brighton Place Apartment 405C,555-678-9017,43
Virginia Bell,virginia.elizabeth.bell@email.com,67890 South Durham Street Suite 201,555-789-0128,36
Eugene Murphy,eugene.patrick.murphy.senior@company.com,78901 East Bristol Avenue Building G Unit 302,555-890-1239,44
Katherine Bailey,katherine.anne.bailey.smith@work.com,89012 West Liverpool Drive Apartment 104B,555-901-2340,30
Harold Rivera,harold.james.rivera@email.com,90123 North Sheffield Court Suite 403,555-012-3451,49
Joan Cooper,joan.marie.cooper.williams@email.com,1234 South Leeds Boulevard Building H,555-123-4563,33
Dennis Richardson,dennis.michael.richardson.the.second@company.com,2345 East Bradford Street Apartment 501A,555-234-5674,41
Judith Cox,judith.ann.cox.brown@work.com,3456 West Newcastle Avenue Suite 202C,555-345-6785,27
Peter Howard,peter.alexander.howard.junior@email.com,4567 North Portsmouth Drive Building J Unit 305,555-456-7896,38
Christina Ward,christina.marie.ward.johnson@email.com,5678 South Southampton Court Apartment 103,555-567-8907,35
Albert Torres,albert.joseph.torres.senior@company.com,6789 East Gloucester Boulevard Suite 404B,555-678-9018,46
Julie Peterson,julie.elizabeth.peterson.davis@work.com,7890 West Plymouth Street Building K,555-789-0129,31
Jeffrey Gray,jeffrey.william.gray.the.third@email.com,8901 North Canterbury Avenue Apartment 205A,555-890-1230,42
Joyce Ramirez,joyce.ann.ramirez.martinez@email.com,9012 South Winchester Drive Suite 301C,555-901-2341,29
Arthur James,arthur.henry.james.junior@company.com,10123 East Manchester Court Building L Unit 402,555-012-3452,47
Marilyn Watson,marilyn.rose.watson.wilson@work.com,11234 West Chester Boulevard Apartment 104B,555-123-4564,34
Willie Brooks,willie.lee.brooks.senior@email.com,12345 North Lancaster Street Suite 203,555-234-5675,40
Evelyn Kelly,evelyn.marie.kelly.anderson@email.com,23456 South Exeter Avenue Building M,555-345-6786,32
Lawrence Sanders,lawrence.michael.sanders.the.second@company.com,34567 East Preston Drive Apartment 305A,555-456-7897,45
Denise Price,denise.lynn.price.thomas@work.com,45678 West Bolton Court Suite 401B,555-567-8908,28
Henry Bennett,henry.james.bennett.junior@email.com,56789 North Ipswich Boulevard Building N Unit 502,555-678-9019,43
Catherine Wood,catherine.ann.wood.jackson@email.com,67890 South Norwich Street Apartment 204C,555-789-0120,36
Carl Barnes,carl.edward.barnes.senior@company.com,78901 East Lincoln Avenue Suite 303,555-890-1231,48
Teresa Ross,teresa.marie.ross.white@work.com,89012 West Derby Drive Building P,555-901-2342,30
Roger Henderson,roger.william.henderson.the.third@email.com,90123 North Worcester Court Apartment 105A,555-012-3453,44
Frances Coleman,frances.elizabeth.coleman.harris@email.com,1234 South Coventry Boulevard Suite 402B,555-123-4565,33
Joe Jenkins,joe.michael.jenkins.junior@company.com,2345 East Warwick Street Building Q Unit 201,555-234-5676,41
Megan Perry,megan.nicole.perry.clark@work.com,3456 West Salisbury Avenue Apartment 304C,555-345-6787,27
Russell Powell,russell.james.powell.senior@email.com,4567 North Bath Drive Suite 103,555-456-7898,39
Janice Long,janice.ann.long.robinson@email.com,5678 South York Court Building R,555-567-8909,35
Frank Patterson,frank.william.patterson.the.second@company.com,6789 East Hastings Boulevard Apartment 405A,555-678-9010,46
Gloria Hughes,gloria.marie.hughes.martinez@work.com,7890 West Reading Street Suite 202B,555-789-0121,31
Aaron Flores,aaron.joseph.flores.junior@email.com,8901 North Maidstone Avenue Building S Unit 301,555-890-1232,42
Diana Washington,diana.elizabeth.washington.davis@email.com,9012 South Barnsley Drive Apartment 104C,555-901-2343,29
Jesse Butler,jesse.michael.butler.senior@company.com,10123 East Doncaster Court Suite 403,555-012-3454,47
Alice Simmons,alice.ann.simmons.wilson@work.com,11234 West Huddersfield Boulevard Building T,555-123-4566,34
Bryan Foster,bryan.william.foster.the.third@email.com,12345 North Wakefield Street Apartment 205A,555-234-5677,40
Lori Gonzales,lori.marie.gonzales.anderson@email.com,23456 South Halifax Avenue Suite 302B,555-345-6788,32
Samuel Bryant,samuel.james.bryant.junior@company.com,34567 East Rotherham Drive Building U Unit 401,555-456-7899,45
Pamela Alexander,pamela.lynn.alexander.thomas@work.com,45678 West Scunthorpe Court Apartment 103C,555-567-8900,28
Raymond Russell,raymond.michael.russell.senior@email.com,56789 North Grimsby Boulevard Suite 204,555-678-9011,43
Martha Griffin,martha.ann.griffin.jackson@email.com,67890 South Lincoln Street Building V,555-789-0122,36
Jack Diaz,jack.william.diaz.the.second@company.com,78901 East Chesterfield Avenue Apartment 305A,555-890-1233,48
Beverly Hayes,beverly.marie.hayes.white@work.com,89012 West Peterborough Drive Suite 402B,555-901-2344,30
Gerald Myers,gerald.james.myers.junior@email.com,90123 North Sunderland Court Building W Unit 501,555-012-3455,44
Helen Ford,helen.elizabeth.ford.harris@email.com,1234 South Middlesbrough Boulevard Apartment 203C,555-123-4567,33
Jordan Hamilton,jordan.michael.hamilton.senior@company.com,2345 East Carlisle Street Suite 301,555-234-5678,41
Heather Graham,heather.nicole.graham.clark@work.com,3456 West Blackpool Avenue Building X,555-345-6789,27
Victor Sullivan,victor.william.sullivan.the.third@email.com,4567 North Blackburn Drive Apartment 404A,555-456-7800,39
Kelly Wallace,kelly.ann.wallace.robinson@email.com,5678 South Preston Court Suite 202B,555-567-8901,35
Douglas Woods,douglas.james.woods.junior@company.com,6789 East Burnley Boulevard Building Y Unit 303,555-678-9012,46
Janet Cole,janet.marie.cole.martinez@work.com,7890 West Wigan Street Apartment 105C,555-789-0123,31
Jeremy West,jeremy.michael.west.senior@email.com,8901 North Rochdale Avenue Suite 401,555-890-1234,42
Ruth Jordan,ruth.elizabeth.jordan.davis@email.com,9012 South Oldham Drive Building Z,555-901-2345,29
Willie Owens,willie.joseph.owens.the.second@company.com,10123 East Stockport Court Apartment 204A,555-012-3456,47
Katherine Reynolds,katherine.ann.reynolds.wilson@work.com,11234 West Tameside Boulevard Suite 302B,555-123-4568,34
Eugene Fisher,eugene.william.fisher.junior@email.com,12345 North Trafford Street Building AA Unit 403,555-234-5679,40
Christine Ellis,christine.marie.ellis.anderson@email.com,23456 South Salford Avenue Apartment 105C,555-345-6780,32
Larry Harrison,larry.james.harrison.senior@company.com,34567 East Walsall Drive Suite 201,555-456-7801,45
Janet Gibson,janet.lynn.gibson.thomas@work.com,45678 West Wolverhampton Court Building BB,555-567-8902,28
Stephen McDonald,stephen.michael.mcdonald.the.third@email.com,56789 North Dudley Boulevard Apartment 304A,555-678-9013,43
Jacqueline Cruz,jacqueline.ann.cruz.jackson@email.com,67890 South Sandwell Street Suite 402B,555-789-0124,36
Gerald Marshall,gerald.william.marshall.junior@company.com,78901 East Solihull Avenue Building CC Unit 501,555-890-1235,48
Cheryl Ortiz,cheryl.marie.ortiz.white@work.com,89012 West Coventry Drive Apartment 203C,555-901-2346,30
Jesse Gomez,jesse.james.gomez.senior@email.com,90123 North Warwickshire Court Suite 301,555-012-3457,44
Sara Murray,sara.elizabeth.murray.harris@email.com,1234 South Worcestershire Boulevard Building DD,555-123-4569,33
Austin Freeman,austin.michael.freeman.the.second@company.com,2345 East Staffordshire Street Apartment 404A,555-234-5670,41
Judith Wells,judith.ann.wells.clark@work.com,3456 West Shropshire Avenue Suite 202B,555-345-6781,27
Walter Webb,walter.william.webb.junior@email.com,4567 North Herefordshire Drive Building EE Unit 303,555-456-7802,39
Christina Simpson,christina.marie.simpson.robinson@email.com,5678 South Gloucestershire Court Apartment 105C,555-567-8903,35
Philip Stevens,philip.james.stevens.senior@company.com,6789 East Oxfordshire Boulevard Suite 401,555-678-9014,46
Marie Tucker,marie.elizabeth.tucker.martinez@work.com,7890 West Buckinghamshire Street Building FF,555-789-0125,31
Bobby Porter,bobby.michael.porter.the.third@email.com,8901 North Berkshire Avenue Apartment 204A,555-890-1236,42
Janet Hunter,janet.ann.hunter.davis@email.com,9012 South Hampshire Drive Suite 302B,555-901-2347,29
Ralph Hicks,ralph.william.hicks.junior@company.com,10123 East Surrey Court Building GG Unit 403,555-012-3458,47
Kathryn Crawford,kathryn.marie.crawford.wilson@work.com,11234 West Kent Boulevard Apartment 105C,555-123-4560,34
Eugene Henry,eugene.james.henry.senior@email.com,12345 North Sussex Street Suite 201,555-234-5671,40
Janice Boyd,janice.lynn.boyd.anderson@email.com,23456 South Essex Avenue Building HH,555-345-6782,32
Ralph Mason,ralph.michael.mason.the.second@company.com,34567 East Hertfordshire Drive Apartment 304A,555-456-7803,45
Kathy Morales,kathy.ann.morales.thomas@work.com,45678 West Cambridgeshire Court Suite 402B,555-567-8904,28
Russell Kennedy,russell.william.kennedy.junior@email.com,56789 North Suffolk Boulevard Building II Unit 501,555-678-9015,43
Virginia Warren,virginia.marie.warren.jackson@email.com,67890 South Norfolk Street Apartment 203C,555-789-0126,36
Philip Dixon,philip.james.dixon.senior@company.com,78901 East Northamptonshire Avenue Suite 301,555-890-1237,48
Donna Ramos,donna.elizabeth.ramos.white@work.com,89012 West Leicestershire Drive Building JJ,555-901-2348,30
Douglas Reyes,douglas.michael.reyes.the.third@email.com,90123 North Nottinghamshire Court Apartment 404A,555-012-3459,44
Rose Burns,rose.ann.burns.harris@email.com,1234 South Derbyshire Boulevard Suite 202B,555-123-4561,33
Roy Gordon,roy.william.gordon.junior@company.com,2345 East Lincolnshire Street Building KK Unit 303,555-234-5672,41
Alice Mendoza,alice.marie.mendoza.clark@work.com,3456 West Yorkshire Avenue Apartment 105C,555-345-6783,27