customer_id,full_name,email,phone,registration_date
1,John Smith,john.smith@email.com,555-123-4567,2023-01-15
2,Alice Brown,alice.brown@mail.com,555-234-5678,2023-01-20
3,David Miller,david.miller@email.com,555-345-6789,2023-01-22
4,Emma Wilson,emma.wilson@company.com,555-456-7890,2023-01-25
5,James Taylor,james.taylor@mail.net,555-567-8901,2023-01-28
6,Sophia Anderson,sophia.anderson@email.com,555-678-9012,2023-02-01
7,Michael Brown,michael.brown@company.com,555-789-0123,2023-02-03
8,Olivia Davis,olivia.davis@mail.com,555-890-1234,2023-02-05
9,William Martinez,william.m@email.net,555-901-2345,2023-02-08
10,Isabella Garcia,isabella.garcia@company.com,555-012-3456,2023-02-10
11,David Miller,david.miler@email.com,555-111-2222,2023-02-12
12,Emma Wilson,emma.wilsn@company.com,555-222-3333,2023-02-15
13,James Taylor,james.taylor@mail.net,555-333-4444,2023-02-18
14,Sophia Anderson,sophia.andersen@email.com,555-444-5555,2023-02-20
15,John Smoth,john.smith@email.com,555-999-8888,2023-02-22
16,Robert Chen,robert.chen@email.com,555-666-7777,2023-02-25
17,Linda Martinez,linda.martinez@mail.com,555-777-8888,2023-02-28
18,Christopher Lee,chris.lee@company.net,555-888-9999,2023-03-01
19,Patricia White,patricia.white@email.com,555-999-0000,2023-03-03
20,Daniel Harris,daniel.harris@mail.com,555-111-1111,2023-03-05
21,Jennifer Clark,jennifer.clark@company.com,555-222-2222,2023-03-08
22,Matthew Lewis,matthew.lewis@email.net,555-333-3333,2023-03-10
23,Amanda Walker,amanda.walker@mail.com,555-444-4444,2023-03-12
24,Joshua Hall,joshua.hall@company.com,555-555-5555,2023-03-15
25,Ashley Allen,ashley.allen@email.com,555-666-6666,2023-03-18
26,Christopher Lee,chris.lee@company.net,555-777-7777,2023-03-20
27,Linda Martinez,linda.martines@mail.com,555-888-8888,2023-03-22
28,Robert Chen,robert.cehn@email.com,555-999-9999,2023-03-25
29,Amanda Walker,amanda.walker@mail.com,555-000-0000,2023-03-28
30,Joshua Hall,joshua.hal@company.com,555-123-0000,2023-03-30
31,Brian King,brian.king@email.com,555-234-1111,2023-04-01
32,Nicole Wright,nicole.wright@mail.net,555-345-2222,2023-04-03
33,Kevin Scott,kevin.scott@company.com,555-456-3333,2023-04-05
34,Rachel Green,rachel.green@email.com,555-567-4444,2023-04-08
35,Jason Torres,jason.torres@mail.com,555-678-5555,2023-04-10
36,Melissa Nguyen,melissa.nguyen@company.net,555-789-6666,2023-04-12
37,Brian King,brian.king@email.com,555-890-7777,2023-04-15
38,Nicole Wright,nicole.wright@mail.net,555-901-8888,2023-04-18
39,Kevin Scott,kevin.scot@company.com,555-012-9999,2023-04-20
40,Rachel Green,rachel.grene@email.com,555-123-1234,2023-04-22
41,Jason Torres,jason.tores@mail.com,555-234-2345,2023-04-25
42,Melissa Nguyen,melissa.nguyen@company.net,555-345-3456,2023-04-28
43,Thomas Hill,thomas.hill@email.com,555-456-4567,2023-05-01
44,Rebecca Flores,rebecca.flores@mail.com,555-567-5678,2023-05-03
45,Robert Wilson,robert.w@company.com,555-678-6789,2023-05-05
46,Laura Adams,laura.adams@email.net,555-789-7890,2023-05-08
47,Charles Nelson,charles.nelson@company.com,555-890-8901,2023-05-10
48,Stephanie Baker,stephanie.baker@mail.com,555-901-9012,2023-05-12
49,Thomas Hill,thomas.hil@email.com,555-012-0123,2023-05-15
50,Rebecca Flores,rebecca.flors@mail.com,555-123-4321,2023-05-18
51,Laura Adams,laura.adams@email.net,555-234-5432,2023-05-20
52,Charles Nelson,charles.nelsn@company.com,555-345-6543,2023-05-22
53,Stephanie Baker,stephanie.bker@mail.com,555-456-7654,2023-05-25
54,Andrew Campbell,andrew.campbell@email.com,555-567-8765,2023-05-28
55,Michelle Parker,michelle.parker@mail.net,555-678-9876,2023-06-01
56,Ryan Evans,ryan.evans@company.com,555-789-0987,2023-06-03
57,Kimberly Edwards,kimberly.edwards@email.com,555-890-1098,2023-06-05
58,Gregory Collins,gregory.collins@mail.com,555-901-2109,2023-06-08
59,Donna Stewart,donna.stewart@company.net,555-012-3210,2023-06-10
60,Andrew Campbell,andrew.campbel@email.com,555-123-5678,2023-06-12
61,Michelle Parker,michelle.parker@mail.net,555-234-6789,2023-06-15
62,Ryan Evans,ryan.evens@company.com,555-345-7890,2023-06-18
63,Kimberly Edwards,kimberly.edwards@email.com,555-456-8901,2023-06-20
64,Gregory Collins,gregory.colins@mail.com,555-567-9012,2023-06-22
65,Donna Stewart,donna.stewart@company.net,555-678-0123,2023-06-25
66,Steven Sanchez,steven.sanchez@email.com,555-789-1234,2023-06-28
67,Carol Morris,carol.morris@mail.com,555-890-2345,2023-07-01
68,Kenneth Rogers,kenneth.rogers@company.net,555-901-3456,2023-07-03
69,Sharon Reed,sharon.reed@email.com,555-012-4567,2023-07-05
70,Ronald Cook,ronald.cook@mail.com,555-123-9876,2023-07-08
71,Steven Sanchez,steven.sancez@email.com,555-234-8765,2023-07-10
72,Carol Morris,carol.morrs@mail.com,555-345-7654,2023-07-12
73,Kenneth Rogers,kenneth.rogers@company.net,555-456-6543,2023-07-15
74,Sharon Reed,sharon.rede@email.com,555-567-5432,2023-07-18
75,Ronald Cook,ronald.cook@mail.com,555-678-4321,2023-07-20
76,Gary Morgan,gary.morgan@email.com,555-789-3210,2023-07-22
77,Dorothy Bell,dorothy.bell@mail.net,555-890-4321,2023-07-25
78,Timothy Murphy,timothy.murphy@company.com,555-901-5432,2023-07-28
79,Lisa Bailey,lisa.bailey@email.com,555-012-6543,2023-08-01
80,Larry Rivera,larry.rivera@mail.com,555-123-7777,2023-08-03
81,Gary Morgan,gary.morgen@email.com,555-234-8888,2023-08-05
82,Dorothy Bell,dorothy.bell@mail.net,555-345-9999,2023-08-08
83,Timothy Murphy,timothy.murhy@company.com,555-456-0000,2023-08-10
84,Lisa Bailey,lisa.bailay@email.com,555-567-1111,2023-08-12
85,Larry Rivera,larry.riviera@mail.com,555-678-2222,2023-08-15
86,Frank Cooper,frank.cooper@email.com,555-789-3333,2023-08-18
87,Helen Richardson,helen.richardson@mail.com,555-890-4444,2023-08-20
88,Dennis Cox,dennis.cox@company.net,555-901-5555,2023-08-22
89,Sandra Howard,sandra.howard@email.com,555-012-6666,2023-08-25
90,Jerry Ward,jerry.ward@mail.com,555-123-8901,2023-08-28
91,Frank Cooper,frank.cooper@email.com,555-234-9012,2023-09-01
92,Helen Richardson,helen.richardsn@mail.com,555-345-0123,2023-09-03
93,Dennis Cox,dennis.cax@company.net,555-456-1234,2023-09-05
94,Sandra Howard,sandra.howard@email.com,555-567-2345,2023-09-08
95,Jerry Ward,jerry.wrd@mail.com,555-678-3456,2023-09-10
96,Walter Torres,walter.torres@email.com,555-789-4567,2023-09-12
97,Teresa Peterson,teresa.peterson@mail.net,555-890-5678,2023-09-15
98,Harold Gray,harold.gray@company.com,555-901-6789,2023-09-18
99,Angela Ramirez,angela.ramirez@email.com,555-012-7890,2023-09-20
100,Craig James,craig.james@mail.com,555-123-0987,2023-09-22
101,Walter Torres,walter.tores@email.com,555-234-1098,2023-09-25
102,Teresa Peterson,teresa.peterson@mail.net,555-345-2109,2023-09-28
103,Harold Gray,harold.gry@company.com,555-456-3210,2023-10-01
104,Angela Ramirez,angela.ramirez@email.com,555-567-4321,2023-10-03
105,Craig James,craig.jams@mail.com,555-678-5432,2023-10-05
106,Albert Watson,albert.watson@email.com,555-789-6543,2023-10-08
107,Janice Brooks,janice.brooks@mail.com,555-890-7654,2023-10-10
108,Douglas Kelly,douglas.kelly@company.net,555-901-8765,2023-10-12
109,Katherine Sanders,katherine.sanders@email.com,555-012-9876,2023-10-15
110,Peter Price,peter.price@mail.com,555-123-2468,2023-10-18
111,Albert Watson,albert.watsen@email.com,555-234-3579,2023-10-20
112,Janice Brooks,janice.broks@mail.com,555-345-4680,2023-10-22
113,Douglas Kelly,douglas.kelly@company.net,555-456-5791,2023-10-25
114,Katherine Sanders,katherine.sandes@email.com,555-567-6802,2023-10-28
115,Peter Price,peter.price@mail.com,555-678-7913,2023-11-01
116,Arthur Bennett,arthur.bennett@email.com,555-789-8024,2023-11-03
117,Cheryl Wood,cheryl.wood@mail.net,555-890-9135,2023-11-05
118,Henry Barnes,henry.barnes@company.com,555-901-0246,2023-11-08
119,Judith Ross,judith.ross@email.com,555-012-1357,2023-11-10
120,Eugene Henderson,eugene.henderson@mail.com,555-123-3690,2023-11-12
121,Arthur Bennett,arthur.bennet@email.com,555-234-4701,2023-11-15
122,Cheryl Wood,cheryl.wod@mail.net,555-345-5812,2023-11-18
123,Sarah Johnson,sarah.j@mail.net,555-456-6923,2023-11-20
124,Judith Ross,judith.ross@email.com,555-567-7034,2023-11-22
125,Eugene Henderson,eugene.hendersn@mail.com,555-678-8145,2023-11-25
126,Raymond Coleman,raymond.coleman@email.com,555-789-9256,2023-11-28
127,Virginia Jenkins,virginia.jenkins@mail.com,555-890-0367,2023-12-01
128,Jose Perry,jose.perry@company.net,555-901-1478,2023-12-03
129,Kathryn Powell,kathryn.powell@email.com,555-012-2589,2023-12-05
130,Ralph Long,ralph.long@mail.com,555-123-4802,2023-12-08
131,Raymond Coleman,raymond.colemn@email.com,555-234-5913,2023-12-10
132,Virginia Jenkins,virginia.jenkinz@mail.com,555-345-6024,2023-12-12
133,Jose Perry,jose.perry@company.net,555-456-7135,2023-12-15
134,Kathryn Powell,kathryn.powel@email.com,555-567-8246,2023-12-18
135,Ralph Long,ralph.lng@mail.com,555-678-9357,2023-12-20
136,Jack Patterson,jack.patterson@email.com,555-789-0468,2023-12-22
137,Joyce Hughes,joyce.hughes@mail.net,555-890-1579,2023-12-25
138,Albert Flores,albert.flores@company.com,555-901-2680,2023-12-28
139,Katherine Washington,katherine.washington@email.com,555-012-3791,2024-01-01
140,Carl Butler,carl.butler@mail.com,555-123-5914,2024-01-03
141,Jack Patterson,jack.paterson@email.com,555-234-6025,2024-01-05
142,Joyce Hughes,joyce.hughes@mail.net,555-345-7136,2024-01-08
143,Albert Flores,albert.flors@company.com,555-456-8247,2024-01-10
144,Katherine Washington,katherine.washingtn@email.com,555-567-9358,2024-01-12
145,Carl Butler,carl.butlr@mail.com,555-678-0469,2024-01-15
146,Russell Simmons,russell.simmons@email.com,555-789-1570,2024-01-18
147,Marie Foster,marie.foster@mail.com,555-890-2681,2024-01-20
148,Louis Gonzales,louis.gonzales@company.net,555-901-3792,2024-01-22
149,Diana Bryant,diana.bryant@email.com,555-012-4803,2024-01-25
150,Randy Alexander,randy.alexander@mail.com,555-123-6136,2024-01-28
151,Russell Simmons,russell.simons@email.com,555-234-7247,2024-01-29
152,Marie Foster,marie.fostr@mail.com,555-345-8358,2024-01-30
153,Louis Gonzales,louis.gonzales@company.net,555-456-9469,2024-01-31
154,Diana Bryant,diana.brynt@email.com,555-567-0570,2023-02-02
155,Randy Alexander,randy.alexnder@mail.com,555-678-1681,2023-02-05
156,Philip Russell,philip.russell@email.com,555-789-2792,2023-02-08
157,Jean Griffin,jean.griffin@mail.net,555-890-3803,2023-02-11
158,Bobby Diaz,bobby.diaz@company.com,555-901-4914,2023-02-14
159,Janet Hayes,janet.hayes@email.com,555-012-5025,2023-02-17
160,Johnny Myers,johnny.myers@mail.com,555-123-7358,2023-02-20
161,Philip Russell,philip.russel@email.com,555-234-8469,2023-02-23
162,Jean Griffin,jean.griffn@mail.net,555-345-9570,2023-02-26
163,Bobby Diaz,bobby.dias@company.com,555-456-0681,2023-03-01
164,Janet Hayes,janet.haies@email.com,555-567-1792,2023-03-04
165,Johnny Myers,johnny.myers@mail.com,555-678-2803,2023-03-07
166,Terry Ford,terry.ford@email.com,555-789-3914,2023-03-10
167,Gloria Hamilton,gloria.hamilton@mail.com,555-890-4025,2023-03-13
168,Willie Graham,willie.graham@company.net,555-901-5136,2023-03-16
169,Evelyn Sullivan,evelyn.sullivan@email.com,555-012-6247,2023-03-19
170,Howard Wallace,howard.wallace@mail.com,555-123-8570,2023-03-22
171,Terry Ford,terry.fod@email.com,555-234-9681,2023-03-25
172,Gloria Hamilton,gloria.hamiltn@mail.com,555-345-0792,2023-03-28
173,Willie Graham,willie.graham@company.net,555-456-1803,2023-03-31
174,Evelyn Sullivan,evelyn.sulivan@email.com,555-567-2914,2023-04-03
175,Howard Wallace,howard.wallce@mail.com,555-678-3025,2023-04-06
176,Victor Woods,victor.woods@email.com,555-789-4136,2023-04-09
177,Irene Cole,irene.cole@mail.net,555-890-5247,2023-04-12
178,Ernest Kennedy,ernest.kennedy@company.com,555-901-6358,2023-04-15
179,Debra Hanson,debra.hanson@email.com,555-012-7469,2023-04-18
180,Carlos Marshall,carlos.marshall@mail.com,555-123-9792,2023-04-21
181,Victor Woods,victor.wods@email.com,555-234-0803,2023-04-24
182,Irene Cole,irene.cle@mail.net,555-345-1914,2023-04-27
183,Ernest Kennedy,ernest.kenedy@company.com,555-456-2025,2023-04-30
184,Debra Hanson,debra.hansn@email.com,555-567-3136,2023-05-03
185,Carlos Marshall,carlos.marshal@mail.com,555-678-4247,2023-05-06
186,Benjamin Owens,benjamin.owens@email.com,555-789-5358,2023-05-09
187,Charlotte Lawson,charlotte.lawson@mail.com,555-890-6469,2023-05-12
188,Samuel Webb,samuel.webb@company.net,555-901-7570,2023-05-15
189,Carolyn Fields,carolyn.fields@email.com,555-012-8681,2023-05-18
190,Joe Gutierrez,joe.gutierrez@mail.com,555-123-0914,2023-05-21
191,Benjamin Owens,benjamin.owenz@email.com,555-234-1025,2023-05-24
192,Charlotte Lawson,charlotte.lawsen@mail.com,555-345-2136,2023-05-27
193,Samuel Webb,samuel.web@company.net,555-456-3247,2023-05-30
194,Carolyn Fields,carolyn.feilds@email.com,555-567-4358,2023-06-02
195,Joe Gutierrez,joe.gutierez@mail.com,555-678-5469,2023-06-05
196,Adam Schmidt,adam.schmidt@email.com,555-789-6570,2023-06-08
197,Martha Carr,martha.carr@mail.net,555-890-7681,2023-06-11
198,Jeremy Vasquez,jeremy.vasquez@company.com,555-901-8792,2023-06-14
199,Frances Castillo,frances.castillo@email.com,555-012-9803,2023-06-17
200,Keith Wheeler,keith.wheeler@mail.com,555-123-2136,2023-06-20
201,Adam Schmidt,adam.schmitt@email.com,555-234-3247,2023-06-23
202,Martha Carr,martha.car@mail.net,555-345-4358,2023-06-26
203,Jeremy Vasquez,jeremy.vasquze@company.com,555-456-5469,2023-06-29
204,Frances Castillo,frances.castilo@email.com,555-567-6570,2023-07-02
205,Keith Wheeler,keith.wheler@mail.com,555-678-7681,2023-07-05
206,Sean Chapman,sean.chapman@email.com,555-789-8792,2023-07-08
207,Annie Oliver,annie.oliver@mail.com,555-890-9803,2023-07-11
208,Gerald Hunter,gerald.hunter@company.net,555-901-0914,2023-07-14
209,Marilyn Romero,marilyn.romero@email.com,555-012-1025,2023-07-17
210,Christian Hicks,christian.hicks@mail.com,555-123-3358,2023-07-20
211,Sean Chapman,sean.chapmen@email.com,555-234-4469,2023-07-23
212,Annie Oliver,annie.olivr@mail.com,555-345-5570,2023-07-26
213,Gerald Hunter,gerald.huntr@company.net,555-456-6681,2023-07-29
214,Marilyn Romero,marilyn.romro@email.com,555-567-7792,2023-08-01
215,Christian Hicks,christian.hiks@mail.com,555-678-8803,2023-08-04
216,Austin Crawford,austin.crawford@email.com,555-789-9914,2023-08-07
217,Heather Boyd,heather.boyd@mail.net,555-890-0025,2023-08-10
218,Vincent Mason,vincent.mason@company.com,555-901-1136,2023-08-13
219,Judy Morales,judy.morales@email.com,555-012-2247,2023-08-16
220,Kyle Reynolds,kyle.reynolds@mail.com,555-123-4580,2023-08-19
221,Austin Crawford,austin.crawfrd@email.com,555-234-5691,2023-08-22
222,Heather Boyd,heather.boyed@mail.net,555-345-6702,2023-08-25
223,Vincent Mason,vincent.masn@company.com,555-456-7813,2023-08-28
224,Judy Morales,judy.morles@email.com,555-567-8924,2023-08-31
225,Kyle Reynolds,kyle.reynods@mail.com,555-678-9035,2023-09-03
226,Bryan Day,bryan.day@email.com,555-789-0146,2023-09-06
227,Crystal Mendoza,crystal.mendoza@mail.com,555-890-1257,2023-09-09
228,Noah Fuller,noah.fuller@company.net,555-901-2368,2023-09-12
229,Pamela Ferguson,pamela.ferguson@email.com,555-012-3479,2023-09-15
230,Seth Medina,seth.medina@mail.com,555-123-5802,2023-09-18
231,Bryan Day,bryan.dy@email.com,555-234-6913,2023-09-21
232,Crystal Mendoza,crystal.mendosa@mail.com,555-345-7024,2023-09-24
233,Noah Fuller,noah.fuler@company.net,555-456-8135,2023-09-27
234,Michael Chen,m.chen@email.com,555-567-9246,2023-09-30
235,Seth Medina,seth.medna@mail.com,555-678-0357,2023-10-03
236,Marcus Aguilar,marcus.aguilar@email.com,555-789-1468,2023-10-06
237,Ruby Ortiz,ruby.ortiz@mail.net,555-890-2579,2023-10-09
238,Ian Jimenez,ian.jimenez@company.com,555-901-3680,2023-10-12
239,Alice George,alice.george@email.com,555-012-4791,2023-10-15
240,Cody Stone,cody.stone@mail.com,555-123-7024,2023-10-18
241,Marcus Aguilar,marcus.aguilr@email.com,555-234-8135,2023-10-21
242,Ruby Ortiz,ruby.ortis@mail.net,555-345-9246,2023-10-24
243,Ian Jimenez,ian.jimenez@company.com,555-456-0357,2023-10-27
244,Alice George,alice.gorge@email.com,555-567-1468,2023-10-30
245,Cody Stone,cody.stne@mail.com,555-678-2579,2023-11-02
246,Corey Herrera,corey.herrera@email.com,555-789-3680,2023-11-05
247,Leslie Delgado,leslie.delgado@mail.com,555-890-4791,2023-11-08
248,Wesley Ramos,wesley.ramos@company.net,555-901-5802,2023-11-11
249,April Curtis,april.curtis@email.com,555-012-6913,2023-11-14
250,Edgar Rios,edgar.rios@mail.com,555-123-8246,2023-11-17
251,Corey Herrera,corey.herera@email.com,555-234-9357,2023-11-20
252,Leslie Delgado,leslie.delgado@mail.com,555-345-0468,2023-11-23
253,Wesley Ramos,wesley.rmos@company.net,555-456-1579,2023-11-26
254,April Curtis,april.curtiz@email.com,555-567-2680,2023-11-29
255,Edgar Rios,edgar.ris@mail.com,555-678-3791,2023-12-02
256,Shaun George,shaun.george@email.com,555-789-4802,2023-12-05
257,Tiffany Hudson,tiffany.hudson@mail.net,555-890-5913,2023-12-08
258,Garrett Reeves,garrett.reeves@company.com,555-901-6024,2023-12-11
259,Kristin Nichols,kristin.nichols@email.com,555-012-7135,2023-12-14
260,Sidney Spencer,sidney.spencer@mail.com,555-123-9468,2023-12-17
261,Shaun George,shaun.gorge@email.com,555-234-0579,2023-12-20
262,Tiffany Hudson,tiffany.hudsen@mail.net,555-345-1680,2023-12-23
263,Garrett Reeves,garrett.reves@company.com,555-456-2791,2023-12-26
264,Kristin Nichols,kristin.nicols@email.com,555-567-3802,2023-12-29
265,Sidney Spencer,sidney.spencr@mail.com,555-678-4913,2024-01-01
266,Clayton Schmidt,clayton.schmidt@email.com,555-789-5024,2024-01-04
267,Kristina Greene,kristina.greene@mail.com,555-890-6135,2024-01-07
268,Jorge Palmer,jorge.palmer@company.net,555-901-7246,2024-01-10
269,Rosa Burns,rosa.burns@email.com,555-012-8357,2024-01-13
270,Brett Caldwell,brett.caldwell@mail.com,555-123-0680,2024-01-16
271,Clayton Schmidt,clayton.schmitt@email.com,555-234-1791,2024-01-19
272,Kristina Greene,kristina.grene@mail.com,555-345-2802,2024-01-22
273,Jorge Palmer,jorge.palmar@company.net,555-456-3913,2024-01-25
274,Rosa Burns,rosa.bruns@email.com,555-567-4024,2024-01-28
275,Brett Caldwell,brett.caldwel@mail.com,555-678-5135,2024-01-31
276,Duane Tucker,duane.tucker@email.com,555-789-6246,2023-03-02
277,Monica Schultz,monica.schultz@mail.net,555-890-7357,2023-03-05
278,Mitchell Reyes,mitchell.reyes@company.com,555-901-8468,2023-03-08
279,Robin Fleming,robin.fleming@email.com,555-012-9579,2023-03-11
280,Dwayne Manning,dwayne.manning@mail.com,555-123-1802,2023-03-14
281,Duane Tucker,duane.tuckr@email.com,555-234-2913,2023-03-17
282,Monica Schultz,monica.schulz@mail.net,555-345-3024,2023-03-20
283,Mitchell Reyes,mitchell.reys@company.com,555-456-4135,2023-03-23
284,Robin Fleming,robin.flemin@email.com,555-567-5246,2023-03-26
285,Dwayne Manning,dwayne.maning@mail.com,555-678-6357,2023-03-29
286,Jared Garza,jared.garza@email.com,555-789-7468,2023-04-01
287,Vanessa Munoz,vanessa.munoz@mail.com,555-890-8579,2023-04-04
288,Eduardo Dennis,eduardo.dennis@company.net,555-901-9680,2023-04-07
289,Brooke Rhodes,brooke.rhodes@email.com,555-012-0791,2023-04-10
290,Clifford Hopkins,clifford.hopkins@mail.com,555-123-3024,2023-04-13
291,Jared Garza,jared.garsa@email.com,555-234-4135,2023-04-16
292,Vanessa Munoz,vanessa.munos@mail.com,555-345-5246,2023-04-19
293,Eduardo Dennis,eduardo.denis@company.net,555-456-6357,2023-04-22
294,Brooke Rhodes,brooke.rhods@email.com,555-567-7468,2023-04-25
295,Clifford Hopkins,clifford.hopkns@mail.com,555-678-8579,2023-04-28
296,Cameron Neal,cameron.neal@email.com,555-789-9680,2023-05-01
297,Courtney Warren,courtney.warren@mail.net,555-890-0791,2023-05-04
298,Rickey Payne,rickey.payne@company.com,555-901-1802,2023-05-07
299,Sabrina Black,sabrina.black@email.com,555-012-2913,2023-05-10
300,Derrick Pena,derrick.pena@mail.com,555-123-4246,2023-05-13
301,Cameron Neal,cameron.nael@email.com,555-234-5357,2023-05-16
302,Courtney Warren,courtney.waren@mail.net,555-345-6468,2023-05-19
303,Rickey Payne,rickey.payn@company.com,555-456-7579,2023-05-22
304,Sabrina Black,sabrina.blak@email.com,555-567-8680,2023-05-25
305,Derrick Pena,derrick.penna@mail.com,555-678-9791,2023-05-28
306,Dominic Barker,dominic.barker@email.com,555-789-0802,2023-05-31
307,Sonya Walsh,sonya.walsh@mail.com,555-890-1913,2023-06-03
308,Marshall Hawkins,marshall.hawkins@company.net,555-901-2024,2023-06-06
309,Meghan Frank,meghan.frank@email.com,555-012-3135,2023-06-09
310,Ronnie Dunn,ronnie.dunn@mail.com,555-123-5468,2023-06-12
311,Dominic Barker,dominic.barkr@email.com,555-234-6579,2023-06-15
312,Sonya Walsh,sonya.wlsh@mail.com,555-345-7680,2023-06-18
313,Marshall Hawkins,marshall.hawkns@company.net,555-456-8791,2023-06-21
314,Meghan Frank,meghan.frank@email.com,555-567-9802,2023-06-24
315,Ronnie Dunn,ronnie.dun@mail.com,555-678-0913,2023-06-27
316,Fernando Page,fernando.page@email.com,555-789-1024,2023-06-30
317,Adrienne Berry,adrienne.berry@mail.net,555-890-2135,2023-07-03
318,Dwight Massey,dwight.massey@company.com,555-901-3246,2023-07-06
319,Tara Lyons,tara.lyons@email.com,555-012-4357,2023-07-09
320,Terrence Craig,terrence.craig@mail.com,555-123-6680,2023-07-12
321,Fernando Page,fernando.pge@email.com,555-234-7791,2023-07-15
322,Adrienne Berry,adrienne.bery@mail.net,555-345-8802,2023-07-18
323,Dwight Massey,dwight.masey@company.com,555-456-9913,2023-07-21
324,Tara Lyons,tara.lyons@email.com,555-567-0024,2023-07-24
325,Terrence Craig,terrence.cragg@mail.com,555-678-1135,2023-07-27
326,Malik Howe,malik.howe@email.com,555-789-2246,2023-07-30
327,Courtney Barton,courtney.barton@mail.com,555-890-3357,2023-08-02
328,Bradford Roman,bradford.roman@company.net,555-901-4468,2023-08-05
329,Gina French,gina.french@email.com,555-012-5579,2023-08-08
330,Brendan Norton,brendan.norton@mail.com,555-123-7802,2023-08-11
331,Malik Howe,malik.how@email.com,555-234-8913,2023-08-14
332,Courtney Barton,courtney.bartn@mail.com,555-345-9024,2023-08-17
333,Bradford Roman,bradford.romn@company.net,555-456-0135,2023-08-20
334,Gina French,gina.french@email.com,555-567-1246,2023-08-23
335,Brendan Norton,brendan.nortn@mail.com,555-678-2357,2023-08-26
336,Ruben Warner,ruben.warner@email.com,555-789-3468,2023-08-29
337,Alexis Logan,alexis.logan@mail.net,555-890-4579,2023-09-01
338,Omar Bowen,omar.bowen@company.com,555-901-5680,2023-09-04
339,Ella Goodwin,ella.goodwin@email.com,555-012-6791,2023-09-07
340,Santiago Wheeler,santiago.wheeler@mail.com,555-123-9024,2023-09-10
341,Ruben Warner,ruben.warnr@email.com,555-234-0135,2023-09-13
342,Alexis Logan,alexis.logn@mail.net,555-345-1246,2023-09-16
343,Omar Bowen,omar.bowne@company.com,555-456-2357,2023-09-19
344,Ella Goodwin,ella.godwin@email.com,555-567-3468,2023-09-22
345,Santiago Wheeler,santiago.wheeler@mail.com,555-678-4579,2023-09-25
346,Ellis Leonard,ellis.leonard@email.com,555-789-5680,2023-09-28
347,Sherri Meyer,sherri.meyer@mail.com,555-890-6791,2023-10-01
348,Abel Singleton,abel.singleton@company.net,555-901-7802,2023-10-04
349,Misty Hardy,misty.hardy@email.com,555-012-8913,2023-10-07
350,Carlton Quinn,carlton.quinn@mail.com,555-123-0246,2023-10-10
351,Ellis Leonard,ellis.leonrd@email.com,555-234-1357,2023-10-13
352,Sherri Meyer,sherri.meyr@mail.com,555-345-2468,2023-10-16
353,Abel Singleton,abel.singeton@company.net,555-456-3579,2023-10-19
354,Misty Hardy,misty.hrdy@email.com,555-567-4680,2023-10-22
355,Carlton Quinn,carlton.quin@mail.com,555-678-5791,2023-10-25
356,Hugo Cross,hugo.cross@email.com,555-789-6802,2023-10-28
357,Stacy Knight,stacy.knight@mail.net,555-890-7913,2023-10-31
358,Darin Mcdonald,darin.mcdonald@company.com,555-901-8024,2023-11-03
359,Faith Lynch,faith.lynch@email.com,555-012-9135,2023-11-06
360,Neal Carr,neal.carr@mail.com,555-123-1468,2023-11-09
361,Hugo Cross,hugo.cros@email.com,555-234-2579,2023-11-12
362,Stacy Knight,stacy.knigt@mail.net,555-345-3680,2023-11-15
363,Darin Mcdonald,darin.mcdonld@company.com,555-456-4791,2023-11-18
364,Faith Lynch,faith.lynche@email.com,555-567-5802,2023-11-21
365,Neal Carr,neal.car@mail.com,555-678-6913,2023-11-24
366,Trent Mack,trent.mack@email.com,555-789-7024,2023-11-27
367,Bonnie Wade,bonnie.wade@mail.com,555-890-8135,2023-11-30
368,Cesar Bates,cesar.bates@company.net,555-901-9246,2023-12-03
369,Wanda Stevenson,wanda.stevenson@email.com,555-012-0357,2023-12-06
370,Raphael Todd,raphael.todd@mail.com,555-123-2680,2023-12-09
371,Trent Mack,trent.mak@email.com,555-234-3791,2023-12-12
372,Bonnie Wade,bonnie.wde@mail.com,555-345-4802,2023-12-15
373,Cesar Bates,cesar.batez@company.net,555-456-5913,2023-12-18
374,Wanda Stevenson,wanda.stevensn@email.com,555-567-6024,2023-12-21
375,Raphael Todd,raphael.tod@mail.com,555-678-7135,2023-12-24
376,Roland Graves,roland.graves@email.com,555-789-8246,2023-12-27
377,Cassandra Conley,cassandra.conley@mail.net,555-890-9357,2023-12-30
378,Emmett Fischer,emmett.fischer@company.com,555-901-0468,2024-01-02
379,Joy Bolton,joy.bolton@email.com,555-012-1579,2024-01-05
380,Johnnie Sharp,johnnie.sharp@mail.com,555-123-3802,2024-01-08
381,Roland Graves,roland.gravs@email.com,555-234-4913,2024-01-11
382,Cassandra Conley,cassandra.conely@mail.net,555-345-5024,2024-01-14
383,Emmett Fischer,emmett.fisher@company.com,555-456-6135,2024-01-17
384,Joy Bolton,joy.boltn@email.com,555-567-7246,2024-01-20
385,Johnnie Sharp,johnnie.shrp@mail.com,555-678-8357,2024-01-23
386,Rodney Mullins,rodney.mullins@email.com,555-789-9468,2024-01-26
387,Elaine Pruitt,elaine.pruitt@mail.com,555-890-0579,2024-01-29
388,Dale Malone,dale.malone@company.net,555-901-1680,2023-02-14
389,Renee Nash,renee.nash@email.com,555-012-2791,2023-02-17
390,Clay Goodman,clay.goodman@mail.com,555-123-5024,2023-02-20
391,Rodney Mullins,rodney.mulins@email.com,555-234-6135,2023-02-23
392,Elaine Pruitt,elaine.pruit@mail.com,555-345-7246,2023-02-26
393,Dale Malone,dale.malne@company.net,555-456-8357,2023-03-01
394,Renee Nash,renee.nsh@email.com,555-567-9468,2023-03-04
395,Clay Goodman,clay.goodmn@mail.com,555-678-0579,2023-03-07
396,Preston Hodges,preston.hodges@email.com,555-789-1680,2023-03-10
397,Laurie Townsend,laurie.townsend@mail.net,555-890-2791,2023-03-13
398,Darryl Howell,darryl.howell@company.com,555-901-3802,2023-03-16
399,Kellie Carson,kellie.carson@email.com,555-012-4913,2023-03-19
400,Javier Patrick,javier.patrick@mail.com,555-123-6246,2023-03-22
401,Preston Hodges,preston.hodgs@email.com,555-234-7357,2023-03-25
402,Laurie Townsend,laurie.townsnd@mail.net,555-345-8468,2023-03-28
403,Darryl Howell,darryl.howel@company.com,555-456-9579,2023-03-31
404,Kellie Carson,kellie.carsn@email.com,555-567-0680,2023-04-03
405,Javier Patrick,javier.patrik@mail.com,555-678-1791,2023-04-06
406,Moses Morrow,moses.morrow@email.com,555-789-2802,2023-04-09
407,Kayla Huff,kayla.huff@mail.com,555-890-3913,2023-04-12
408,Felipe Mccall,felipe.mccall@company.net,555-901-4024,2023-04-15
409,Miranda Estrada,miranda.estrada@email.com,555-012-5135,2023-04-18
410,Darrell Berg,darrell.berg@mail.com,555-123-7468,2023-04-21
411,Moses Morrow,moses.morow@email.com,555-234-8579,2023-04-24
412,Kayla Huff,kayla.huf@mail.com,555-345-9680,2023-04-27
413,Felipe Mccall,felipe.mccal@company.net,555-456-0791,2023-04-30
414,Miranda Estrada,miranda.estada@email.com,555-567-1802,2023-05-03
415,Darrell Berg,darrell.brg@mail.com,555-678-2913,2023-05-06
416,Kelvin Parsons,kelvin.parsons@email.com,555-789-3024,2023-05-09
417,Crystal Saunders,crystal.saunders@mail.net,555-890-4135,2023-05-12
418,Kirk Lambert,kirk.lambert@company.com,555-901-5246,2023-05-15
419,Bridget Little,bridget.little@email.com,555-012-6357,2023-05-18
420,Tyrone Beck,tyrone.beck@mail.com,555-123-8680,2023-05-21
421,Kelvin Parsons,kelvin.parsns@email.com,555-234-9791,2023-05-24
422,Crystal Saunders,crystal.saundrs@mail.net,555-345-0802,2023-05-27
423,Kirk Lambert,kirk.lambet@company.com,555-456-1913,2023-05-30
424,Bridget Little,bridget.litle@email.com,555-567-2024,2023-06-02
425,Tyrone Beck,tyrone.bek@mail.com,555-678-3135,2023-06-05
426,Rick Harper,rick.harper@email.com,555-789-4246,2023-06-08
427,Belinda Burgess,belinda.burgess@mail.com,555-890-5357,2023-06-11
428,Andre Thornton,andre.thornton@company.net,555-901-6468,2023-06-14
429,Cassie Mendez,cassie.mendez@email.com,555-012-7579,2023-06-17
430,Max Lyons,max.lyons@mail.com,555-123-9802,2023-06-20
431,Rick Harper,rick.harpr@email.com,555-234-0913,2023-06-23
432,Belinda Burgess,belinda.burgess@mail.com,555-345-1024,2023-06-26
433,Andre Thornton,andre.thorntn@company.net,555-456-2135,2023-06-29
434,Cassie Mendez,cassie.mndez@email.com,555-567-3246,2023-07-02
435,Max Lyons,max.lyns@mail.com,555-678-4357,2023-07-05
436,Gerard Knight,gerard.knight@email.com,555-789-5468,2023-07-08
437,Anita McCarthy,anita.mccarthy@mail.net,555-890-6579,2023-07-11
438,Lester Guerrero,lester.guerrero@company.com,555-901-7680,2023-07-14
439,Monique Banks,monique.banks@email.com,555-012-8791,2023-07-17
440,Salvador Estrada,salvador.estrada@mail.com,555-123-1024,2023-07-20
441,Gerard Knight,gerard.knigt@email.com,555-234-2135,2023-07-23
442,Anita McCarthy,anita.mccathy@mail.net,555-345-3246,2023-07-26
443,Lester Guerrero,lester.guerero@company.com,555-456-4357,2023-07-29
444,Monique Banks,monique.bnks@email.com,555-567-5468,2023-08-01
445,Salvador Estrada,salvador.estada@mail.com,555-678-6579,2023-08-04
446,Rudolph Grant,rudolph.grant@email.com,555-789-7680,2023-08-07
447,Lydia Robbins,lydia.robbins@mail.com,555-890-8791,2023-08-10
448,Ervin Holland,ervin.holland@company.net,555-901-9802,2023-08-13
449,Velma Davidson,velma.davidson@email.com,555-012-0913,2023-08-16
450,Forrest Curry,forrest.curry@mail.com,555-123-2246,2023-08-19
451,Rudolph Grant,rudolph.grnt@email.com,555-234-3357,2023-08-22
452,Lydia Robbins,lydia.robins@mail.com,555-345-4468,2023-08-25
453,Ervin Holland,ervin.hollnd@company.net,555-456-5579,2023-08-28
454,Velma Davidson,velma.davidsn@email.com,555-567-6680,2023-08-31
455,Forrest Curry,forrest.cury@mail.com,555-678-7791,2023-09-03
456,Gilberto Ellis,gilberto.ellis@email.com,555-789-8802,2023-09-06
457,Eloise Daniels,eloise.daniels@mail.net,555-890-9913,2023-09-09
458,Cedric Greene,cedric.greene@company.com,555-901-0024,2023-09-12
459,Geneva Hoffman,geneva.hoffman@email.com,555-012-1135,2023-09-15
460,Alonzo Powers,alonzo.powers@mail.com,555-123-3468,2023-09-18
461,Gilberto Ellis,gilberto.elis@email.com,555-234-4579,2023-09-21
462,Eloise Daniels,eloise.danils@mail.net,555-345-5680,2023-09-24
463,Cedric Greene,cedric.grene@company.com,555-456-6791,2023-09-27
464,Geneva Hoffman,geneva.hofman@email.com,555-567-7802,2023-09-30
465,Alonzo Powers,alonzo.powrs@mail.com,555-678-8913,2023-10-03
466,Julius Cole,julius.cole@email.com,555-789-9024,2023-10-06
467,Bessie Potter,bessie.potter@mail.com,555-890-0135,2023-10-09
468,Milton Blake,milton.blake@company.net,555-901-1246,2023-10-12
469,Bridgette Carr,bridgette.carr@email.com,555-012-2357,2023-10-15
470,Jasper Knight,jasper.knight@mail.com,555-123-4680,2023-10-18
471,Julius Cole,julius.cle@email.com,555-234-5791,2023-10-21
472,Bessie Potter,bessie.poter@mail.com,555-345-6802,2023-10-24
473,Milton Blake,milton.blke@company.net,555-456-7913,2023-10-27
474,Bridgette Carr,bridgette.car@email.com,555-567-8024,2023-10-30
475,Jasper Knight,jasper.knigh@mail.com,555-678-9135,2023-11-02
476,Neal Francis,neal.francis@email.com,555-789-0246,2023-11-05
477,Marcella Alvarado,marcella.alvarado@mail.net,555-890-1357,2023-11-08
478,Tristan Houston,tristan.houston@company.com,555-901-2468,2023-11-11
479,Elvira Cummings,elvira.cummings@email.com,555-012-3579,2023-11-14
480,Randal Copeland,randal.copeland@mail.com,555-123-5802,2023-11-17
481,Neal Francis,neal.franciz@email.com,555-234-6913,2023-11-20
482,Marcella Alvarado,marcella.alvarado@mail.net,555-345-7024,2023-11-23
483,Tristan Houston,tristan.houton@company.com,555-456-8135,2023-11-26
484,Elvira Cummings,elvira.cumings@email.com,555-567-9246,2023-11-29
485,Randal Copeland,randal.copelnd@mail.com,555-678-0357,2023-12-02
486,Floyd Chambers,floyd.chambers@email.com,555-789-1468,2023-12-05
487,Priscilla Castro,priscilla.castro@mail.com,555-890-2579,2023-12-08
488,Lorenzo Schneider,lorenzo.schneider@company.net,555-901-3680,2023-12-11
489,Geneva Pearson,geneva.pearson@email.com,555-012-4791,2023-12-14
490,Freddie Lindsey,freddie.lindsey@mail.com,555-123-6024,2023-12-17
491,Floyd Chambers,floyd.chambrs@email.com,555-234-7135,2023-12-20
492,Priscilla Castro,priscilla.castro@mail.com,555-345-8246,2023-12-23
493,Lorenzo Schneider,lorenzo.schneidr@company.net,555-456-9357,2023-12-26
494,Geneva Pearson,geneva.pearsen@email.com,555-567-0468,2023-12-29
495,Freddie Lindsey,freddie.lindsay@mail.com,555-678-1579,2024-01-01
496,Elias Powers,elias.powers@email.com,555-789-2680,2024-01-04
497,Freda Fowler,freda.fowler@mail.net,555-890-3791,2024-01-07
498,Darren Hale,darren.hale@company.com,555-901-4802,2024-01-10
499,Leticia Valdez,leticia.valdez@email.com,555-012-5913,2024-01-13
500,Lamar Poole,lamar.poole@mail.com,555-123-7246,2024-01-16
501,Elias Powers,elias.powrs@email.com,555-234-8357,2024-01-19
502,Freda Fowler,freda.fowlr@mail.net,555-345-9468,2024-01-22
503,Darren Hale,darren.hle@company.com,555-456-0579,2024-01-25
504,Leticia Valdez,leticia.valdes@email.com,555-567-1680,2024-01-28
505,Lamar Poole,lamar.pole@mail.com,555-678-2791,2024-01-31
506,Colton Gregory,colton.gregory@email.com,555-789-3802,2023-03-05
507,Edna Page,edna.page@mail.com,555-890-4913,2023-03-08
508,Johnathan Boyd,johnathan.boyd@company.net,555-901-5024,2023-03-11
509,Rachael Glass,rachael.glass@email.com,555-012-6135,2023-03-14
510,Leroy Hoover,leroy.hoover@mail.com,555-123-8468,2023-03-17
511,Colton Gregory,colton.gregry@email.com,555-234-9579,2023-03-20
512,Edna Page,edna.pge@mail.com,555-345-0680,2023-03-23
513,Johnathan Boyd,johnathan.boyed@company.net,555-456-1791,2023-03-26
514,Rachael Glass,rachael.glas@email.com,555-567-2802,2023-03-29
515,Leroy Hoover,leroy.hovr@mail.com,555-678-3913,2023-04-01
516,Heath Pittman,heath.pittman@email.com,555-789-4024,2023-04-04
517,Erika Valencia,erika.valencia@mail.net,555-890-5135,2023-04-07
518,Daryl Erickson,daryl.erickson@company.com,555-901-6246,2023-04-10
519,Stella Schultz,stella.schultz@email.com,555-012-7357,2023-04-13
520,Ellis Dickson,ellis.dickson@mail.com,555-123-9680,2023-04-16
521,Heath Pittman,heath.pitman@email.com,555-234-0791,2023-04-19
522,Erika Valencia,erika.valenca@mail.net,555-345-1802,2023-04-22
523,Daryl Erickson,daryl.ericksen@company.com,555-456-2913,2023-04-25
524,Stella Schultz,stella.schulz@email.com,555-567-3024,2023-04-28
525,Ellis Dickson,ellis.dckson@mail.com,555-678-4135,2023-05-01
526,Dean Walters,dean.walters@email.com,555-789-5246,2023-05-04
527,Yvonne Gibbs,yvonne.gibbs@mail.com,555-890-6357,2023-05-07
528,Cristian Pope,cristian.pope@company.net,555-901-7468,2023-05-10
529,Ramona Oliver,ramona.oliver@email.com,555-012-8579,2023-05-13
530,Jonathon Parks,jonathon.parks@mail.com,555-123-0802,2023-05-16
531,Dean Walters,dean.wlters@email.com,555-234-1913,2023-05-19
532,Yvonne Gibbs,yvonne.gibs@mail.com,555-345-2024,2023-05-22
533,Cristian Pope,cristian.poe@company.net,555-456-3135,2023-05-25
534,Ramona Oliver,ramona.olivr@email.com,555-567-4246,2023-05-28
535,Jonathon Parks,jonathon.prks@mail.com,555-678-5357,2023-05-31
536,Bennett Ryan,bennett.ryan@email.com,555-789-6468,2023-06-03
537,Sylvia Lawrence,sylvia.lawrence@mail.net,555-890-7579,2023-06-06
538,Rex Sanchez,rex.sanchez@company.com,555-901-8680,2023-06-09
539,Rosemarie Becker,rosemarie.becker@email.com,555-012-9791,2023-06-12
540,Darrin Wolfe,darrin.wolfe@mail.com,555-123-2024,2023-06-15
541,Bennett Ryan,bennett.ryn@email.com,555-234-3135,2023-06-18
542,Sylvia Lawrence,sylvia.lawrenc@mail.net,555-345-4246,2023-06-21
543,Rex Sanchez,rex.sanchz@company.com,555-456-5357,2023-06-24
544,Rosemarie Becker,rosemarie.beckr@email.com,555-567-6468,2023-06-27
545,Darrin Wolfe,darrin.wolf@mail.com,555-678-7579,2023-06-30
546,Brent Glover,brent.glover@email.com,555-789-8680,2023-07-03
547,Violet Harvey,violet.harvey@mail.com,555-890-9791,2023-07-06
548,Orville Day,orville.day@company.net,555-901-0802,2023-07-09
549,Sheila Fields,sheila.fields@email.com,555-012-1913,2023-07-12
550,Lucas Schultz,lucas.schultz@mail.com,555-123-3246,2023-07-15
551,Brent Glover,brent.glovr@email.com,555-234-4357,2