customer_id,first_name,last_name,email,phone_number,date_of_birth,registration_date,country,account_status,credit_score
C001,John,Smith,john.smith@email.com,123-456-7890,1985-03-15,2020-01-10,USA,active,720
C002,Sarah,Johnson,sarah.j@email.com,(555) 123-4567,1990-07-22,2020-02-14,USA,active,680
C003,Michael,Williams,,555-234-5678,1988-11-30,2020-03-20,Canada,active,750
C004,Emily,Brown,emily.brown@email.com,5551234567,1992-05-18,2020-04-05,USA,inactive,640
C005,David,Jones,david@,123-456-7891,1987-09-12,2020-05-15,UK,active,N/A
C006,Lisa,Garcia,lisa.garcia@email.com,(555) 987-6543,1991-12-08,2020-06-22,USA,active,710
C007,Robert,Martinez,robert.m@email.com,555-345-6789,1986-04-25,01/07/2020,Canada,suspended,820
C008,Jennifer,Rodriguez,notanemail,5553456789,1989-08-14,2020-08-11,USA,active,690
C009,William,Lee,william.lee@email.com,123-555-6789,1993-02-28,2020-09-18,USA,active,1000
C010,,Davis,maria.davis@email.com,(555) 234-6789,1990-06-10,2020-10-25,Mexico,active,670
C011,James,Miller,james.miller@email.com,555-456-7890,1984-10-05,2020-11-30,USA,unknown,730
C012,Patricia,Wilson,patricia.w@email.com,123-567-8901,1995-01-20,2020-12-14,USA,active,660
C013,Richard,Moore,richard.moore@email.com,(555) 678-9012,1988-07-17,2021-01-22,Canada,active,780
C014,Linda,Taylor,linda@,5554567890,1991-03-09,15-02-2021,USA,active,700
C015,Charles,Anderson,charles.anderson@email.com,123-678-9012,1987-11-23,2021-03-10,UK,active,unknown
C016,Barbara,Thomas,barbara.thomas@email.com,(555) 789-0123,1992-09-30,2021-04-18,USA,inactive,740
C017,Joseph,Jackson,joseph.j@email.com,555-567-8901,2025-05-12,2021-05-26,USA,active,650
C018,Susan,White,susan.white@email.com,5555678901,1989-12-01,2021-06-30,Canada,active,810
C019,Thomas,Harris,thomas@,123-789-0123,1986-08-19,2021-07-15,USA,active,695
C020,Jessica,Martin,jessica.martin@email.com,(555) 890-1234,1994-04-07,2021-08-22,USA,active,-50
C021,Daniel,Thompson,daniel.thompson@email.com,555-678-9012,1990-10-14,2021-09-28,Mexico,active,725
C022,Nancy,Garcia,nancy.garcia@email.com,123-890-1234,1988-02-26,10/10/2021,USA,,715
C023,Matthew,Martinez,matthew.m@email.com,(555) 901-2345,1993-06-18,2021-11-12,Canada,active,760
C024,Betty,Robinson,betty@,5556789012,1987-12-22,2021-12-20,USA,active,680
C025,Anthony,Clark,anthony.clark@email.com,123-901-2345,1991-08-05,2022-01-15,UK,active,999
C026,Dorothy,Rodriguez,dorothy.r@email.com,(555) 012-3456,1989-03-28,2022-02-22,USA,suspended,770
C027,Mark,Lewis,mark.lewis@email.com,555-789-0123,1985-11-16,2022-03-30,USA,active,705
C028,Sandra,Lee,,5557890123,1992-07-09,2022-04-14,Canada,active,735
C029,Donald,Walker,donald@,123-012-3456,1988-01-31,05/05/2022,USA,active,text
C030,Ashley,Hall,ashley.hall@email.com,(555) 123-4567,1994-09-24,2022-06-18,USA,active,790
C031,Paul,Allen,paul.allen@email.com,555-890-1234,1986-05-12,2022-07-25,Mexico,inactive,665
C032,Kimberly,Young,kimberly.y@email.com,1234567890,1990-12-03,2022-08-30,USA,active,845
C033,Steven,Hernandez,steven@,123-123-4567,1987-08-27,2022-09-16,Canada,active,720
C034,Donna,King,,5558901234,1993-04-15,20-10-2022,USA,active,695
C035,Kenneth,Wright,kenneth.wright@email.com,(555) 234-5678,1989-10-08,2022-11-22,UK,active,N/A
C036,Carol,Lopez,carol.lopez@email.com,555-901-2345,1991-06-20,2022-12-28,USA,active,750
C037,George,Hill,george.h@email.com,123-234-5678,1985-02-14,2023-01-10,USA,active,715
C038,Michelle,Scott,,5559012345,1992-11-26,2023-02-15,Canada,active,780
C039,Edward,Green,edward@,123-345-6789,2026-07-18,2023-03-22,USA,active,640
C040,Lisa,Adams,lisa.adams@email.com,(555) 345-6789,1988-03-09,2023-04-28,Mexico,unknown,825
C041,Brian,Baker,brian.baker@email.com,555-012-3456,1994-09-01,2023-05-16,USA,active,670
C042,Helen,Gonzalez,helen.g@email.com,1235678901,1990-01-23,05/06/2023,Canada,active,760
C043,Jason,Nelson,jason@,123-456-7890,1987-05-17,2023-07-20,USA,active,710
C044,Margaret,Carter,margaret.carter@email.com,(555) 456-7890,1993-12-30,2023-08-25,UK,active,685
C045,Ryan,Mitchell,ryan.mitchell@email.com,555-123-4567,1989-08-11,2023-09-30,USA,inactive,800
C046,Laura,Perez,laura.p@email.com,,1991-04-04,2023-10-15,USA,active,730
C047,Kevin,Roberts,kevin@,123-567-8901,1986-10-28,15-11-2023,Canada,active,755
C048,Betty,Turner,betty.turner@email.com,(555) 567-8901,1992-06-16,2023-12-22,USA,active,695
C049,Jacob,Phillips,jacob.phillips@email.com,555-234-5678,1988-02-07,2024-01-18,Mexico,active,720
C050,Sharon,Campbell,sharon@,5552345678,1994-11-19,2024-02-24,USA,,745
C001,Frank,Parker,frank.parker@email.com,123-678-9012,1987-07-25,2024-03-10,USA,active,770
C051,Aaron,Evans,aaron.evans@email.com,(555) 678-9012,1993-03-13,2024-04-16,Canada,active,810
C052,Deborah,Edwards,,555-345-6789,1990-09-05,2024-05-22,USA,active,660
C053,Jose,Collins,jose@,123-789-0123,1985-01-28,20-06-2024,UK,active,735
C054,Kathleen,Stewart,kathleen.stewart@email.com,5553456789,1991-08-21,2024-07-28,USA,active,unknown
C055,Adam,Sanchez,adam.sanchez@email.com,(555) 789-0123,1989-04-14,2024-08-15,USA,active,790
C056,Virginia,Morris,virginia.m@email.com,123-890-1234,1992-12-06,2024-09-20,Canada,suspended,705
C057,Nathan,Rogers,nathan@,555-456-7890,1988-06-29,2024-10-25,USA,active,725
C058,Pamela,Reed,pamela.reed@email.com,1236789012,1994-02-18,10/11/2024,Mexico,active,850
C059,Zachary,Cook,,123-901-2345,1986-10-11,2024-12-16,USA,active,695
C060,Sara,Morgan,sara.morgan@email.com,(555) 890-1234,1993-05-03,2020-01-22,Canada,active,760
C002,Eric,Bell,eric@,555-567-8901,1990-11-27,2020-02-28,USA,active,715
C061,Diana,Murphy,diana.murphy@email.com,5555678901,1987-07-19,2020-03-15,UK,active,780
C062,Brandon,Bailey,brandon.bailey@email.com,123-012-3456,1991-03-11,2020-04-20,USA,inactive,N/A
C063,Judy,Rivera,judy@,123-123-4567,1989-09-04,20-05-2020,Canada,active,740
C064,Henry,Cooper,henry.cooper@email.com,(555) 901-2345,1992-01-26,2020-06-25,USA,active,655
C065,Theresa,Richardson,theresa.r@email.com,555-678-9012,1988-08-18,2020-07-30,Mexico,active,820
C066,Roy,Cox,roy@,1237890123,1994-04-10,2020-08-16,USA,active,690
C067,Janice,Howard,janice.howard@email.com,123-234-5678,1986-12-02,08/09/2020,Canada,active,775
C068,Russell,Ward,,5558901234,1993-06-25,2020-10-22,USA,,730
C069,Andrea,Torres,andrea.torres@email.com,(555) 012-3456,1990-02-17,2020-11-28,UK,active,710
C070,Willie,Peterson,willie@,555-789-0123,1987-10-09,2020-12-14,USA,active,685
C071,Heather,Gray,heather.gray@email.com,123-345-6789,1991-06-01,2021-01-20,Canada,active,795
C003,Jerry,Ramirez,jerry.ramirez@email.com,5559012345,1989-12-24,2021-02-25,USA,suspended,720
C072,Eugene,James,eugene@,123-456-7890,1992-08-16,15-03-2021,Mexico,active,755
C073,Ann,Watson,ann.watson@email.com,(555) 123-4567,1988-04-08,2021-04-22,USA,active,670
C074,Ralph,Brooks,ralph.brooks@email.com,555-901-2345,1994-10-31,2021-05-28,Canada,active,815
C075,Judith,Kelly,judith@,1238901234,1986-06-23,2021-06-16,USA,active,text
C076,Philip,Sanders,philip.sanders@email.com,123-567-8901,1993-02-15,06/07/2021,UK,inactive,740
C077,Denise,Price,,5550123456,1990-08-07,2021-08-20,USA,active,695
C078,Larry,Bennett,larry.bennett@email.com,(555) 234-5678,1987-04-30,2021-09-25,Canada,active,765
C079,Katherine,Wood,katherine@,555-012-3456,1991-12-22,2021-10-30,USA,active,710
C080,Carl,Barnes,carl.barnes@email.com,123-678-9012,1989-06-14,20-11-2021,Mexico,unknown,835
C081,Teresa,Ross,teresa.ross@email.com,5551234567,1992-02-06,2021-12-16,USA,active,680
C082,Peter,Henderson,peter@,123-789-0123,1988-10-29,2022-01-22,Canada,active,725
C083,Gloria,Coleman,gloria.coleman@email.com,(555) 345-6789,1994-06-21,2022-02-28,USA,active,790
C084,Lawrence,Jenkins,,555-234-5678,1986-02-13,2022-03-16,UK,active,705
C085,Christine,Perry,christine.perry@email.com,1239012345,1993-08-05,03/04/2022,USA,active,845
C086,Douglas,Powell,douglas@,123-890-1234,1990-04-28,2022-05-20,Canada,suspended,665
C087,Anna,Long,anna.long@email.com,(555) 456-7890,1987-12-20,2022-06-25,USA,active,775
C088,Roger,Patterson,roger.patterson@email.com,555-345-6789,1991-08-12,2022-07-30,Mexico,active,720
C089,Janet,Hughes,janet@,5553456789,1989-04-04,15-08-2022,USA,active,695
C090,Harold,Flores,harold.flores@email.com,123-901-2345,1992-10-27,2022-09-16,Canada,active,N/A
C091,Frances,Washington,frances.w@email.com,(555) 567-8901,1988-06-19,2022-10-22,USA,inactive,760
C092,Gerald,Butler,gerald@,555-456-7890,1994-02-11,2022-11-28,UK,active,685
C093,Marilyn,Simmons,marilyn.simmons@email.com,1230123456,1986-08-03,2022-12-14,USA,active,810
C094,Arthur,Foster,,123-012-3456,1993-04-26,12/01/2023,Canada,active,730
C095,Evelyn,Gonzales,evelyn.gonzales@email.com,(555) 678-9012,1990-12-18,2023-02-18,USA,active,755
C096,Terry,Bryant,terry@,555-567-8901,1987-06-10,2023-03-25,Mexico,active,670
C097,Jean,Alexander,jean.alexander@email.com,123-123-4567,1991-02-02,2023-04-30,USA,,795
C098,Albert,Russell,albert.russell@email.com,5555678901,1989-10-25,20-05-2023,Canada,active,720
C099,Cheryl,Griffin,cheryl@,123-234-5678,1992-06-17,2023-06-16,USA,active,740
C100,Howard,Diaz,howard.diaz@email.com,(555) 789-0123,1988-02-09,2023-07-22,UK,active,875